price,area,absolute_area,room,floor_count,building_age,location
2175000,320,305,7,4,7.5,Ýstanbul - Esenyurt - Mehterçeþme Mahallesi
1580000,130,120,3,4,13.5,Ýstanbul - Esenyurt - Mehterçeþme Mahallesi
1811999,145,140,4,5,2,Ýstanbul - Esenyurt - Cumhuriyet Mahallesi
1145000,90,85,2,5,0,Ýstanbul - Esenyurt - Güzelyurt Mahallesi
1350000,90,80,3,6,0,Ýstanbul - Esenyurt - Yunus Emre Mahallesi
1275000,115,105,3,6,0,Ýstanbul - Esenyurt - Çýnar Mahallesi
1549999,95,85,3,5,0,Ýstanbul - Esenyurt - Ýncirtepe Mahallesi
1199000,105,95,3,4,7.5,Ýstanbul - Esenyurt - Þehitler Mahallesi
584500,100,90,3,5,7.5,Ýstanbul - Esenyurt - Talatpaþa Mahallesi
3099999,135,130,4,5,0,Ýstanbul - Esenyurt - Cumhuriyet Mahallesi
1680000,100,90,3,6,0,Ýstanbul - Esenyurt - Güzelyurt Mahallesi
2560000,175,160,5,4,0,Ýstanbul - Esenyurt - Yenikent Mahallesi
2100000,110,100,3,4,0,Ýstanbul - Esenyurt - Güzelyurt Mahallesi
939000,145,135,4,5,7.5,Ýstanbul - Esenyurt - Osmangazi Mahallesi
1139000,110,100,3,5,7.5,Ýstanbul - Esenyurt - Çýnar Mahallesi
1290000,130,120,4,7,0,Ýstanbul - Esenyurt - Cumhuriyet Mahallesi
1665000,145,135,4,4,4,Ýstanbul - Esenyurt - Hürriyet Mahallesi
725000,100,80,3,5,7.5,Ýstanbul - Esenyurt - Yeþilkent Mahallesi
1200000,50,40,2,15,7.5,Ýstanbul - Esenyurt - Barbaros Hayrettin Paþa Mahallesi
1800000,85,75,3,11,7.5,Ýstanbul - Esenyurt - Koza Mahallesi
1483000,105,90,3,5,7.5,Ýstanbul - Esenyurt - Mehterçeþme Mahallesi
1950000,200,180,5,3,7.5,Ýstanbul - Esenyurt - Güzelyurt Mahallesi
1650000,110,95,3,4,4,Ýstanbul - Esenyurt - Güzelyurt Mahallesi
1500000,105,100,3,4,0,Ýstanbul - Esenyurt - Cumhuriyet Mahallesi
1899000,140,135,4,4,0,Ýstanbul - Esenyurt - Pýnar Mahallesi
1199000,95,85,3,5,7.5,Ýstanbul - Esenyurt - Þehitler Mahallesi
799000,95,85,2,5,7.5,Ýstanbul - Esenyurt - Þehitler Mahallesi
713000,150,130,3,6,7.5,Ýstanbul - Esenyurt - Cumhuriyet Mahallesi
899999,135,130,4,5,0,Ýstanbul - Esenyurt - Cumhuriyet Mahallesi
1290000,100,80,3,6,7.5,Ýstanbul - Esenyurt - Balýkyolu Mahallesi
584999,100,90,3,5,1,Ýstanbul - Esenyurt - Cumhuriyet Mahallesi
765000,105,95,3,6,4,Ýstanbul - Esenyurt - Fatih Mahallesi
1650000,110,100,3,6,4,Ýstanbul - Esenyurt - Mehterçeþme Mahallesi
749000,95,90,3,6,7.5,Ýstanbul - Esenyurt - Baðlarçeþme Mahallesi
875000,120,110,3,5,7.5,Ýstanbul - Esenyurt - Fatih Mahallesi
859000,95,85,3,6,7.5,Ýstanbul - Esenyurt - Ýnönü Mahallesi
1750000,125,100,3,7,0,Ýstanbul - Esenyurt - Üçevler Mahallesi
2549999,135,120,4,5,0,Ýstanbul - Esenyurt - Güzelyurt Mahallesi
860000,120,100,3,6,0,Ýstanbul - Esenyurt - Pýnar Mahallesi
1250000,140,130,4,6,13.5,Ýstanbul - Esenyurt - Yenikent Mahallesi
749999,100,90,3,6,7.5,Ýstanbul - Esenyurt - Çýnar Mahallesi
1670000,120,110,3,6,0,Ýstanbul - Esenyurt - Cumhuriyet Mahallesi
1075000,110,95,3,4,13.5,Ýstanbul - Esenyurt - Hürriyet Mahallesi
1050000,85,65,3,5,7.5,Ýstanbul - Esenyurt - Selahaddin Eyyubi Mahallesi
1580000,165,130,4.5,25,7.5,Ýstanbul - Esenyurt - Necip Fazýl Kýsakürek Mahallesi
1450000,130,110,4,10,0,Ýstanbul - Esenyurt - Akevler Mahallesi
799000,110,100,3,5,0,Ýstanbul - Esenyurt - Necip Fazýl Kýsakürek Mahallesi
1550000,160,150,4,6,0,Ýstanbul - Esenyurt - Barbaros Hayrettin Paþa Mahallesi
590000,100,90,3,5,0,Ýstanbul - Esenyurt - Baðlarçeþme Mahallesi
1289000,95,85,3,4,7.5,Ýstanbul - Esenyurt - Mehterçeþme Mahallesi
1489000,105,95,3,4,7.5,Ýstanbul - Esenyurt - Güzelyurt Mahallesi
799000,120,110,3,5,0,Ýstanbul - Esenyurt - Örnek Mahallesi
2599000,155,145,4,4,7.5,Ýstanbul - Esenyurt - Güzelyurt Mahallesi
1150000,120,110,3,5,0,Ýstanbul - Esenyurt - Pýnar Mahallesi
890000,100,85,3,5,3,Ýstanbul - Esenyurt - Güzelyurt Mahallesi
1350000,115,90,3,4,7.5,Ýstanbul - Esenyurt - Mehmet Akif Ersoy Mahallesi
3120000,150,130,4,5,0,Ýstanbul - Esenyurt - Ýncirtepe Mahallesi
1750000,120,100,3,6,4,Ýstanbul - Esenyurt - Güzelyurt Mahallesi
1725000,120,110,3,6,4,Ýstanbul - Esenyurt - Mehmet Akif Ersoy Mahallesi
899000,70,60,2,5,4,Ýstanbul - Esenyurt - Atatürk Mahallesi
1085000,95,85,3,5,7.5,Ýstanbul - Esenyurt - Üçevler Mahallesi
1350000,120,110,3,5,0,Ýstanbul - Esenyurt - Güzelyurt Mahallesi
2300000,165,150,4,5,7.5,Ýstanbul - Esenyurt - Talatpaþa Mahallesi
1389000,100,90,3,5,7.5,Ýstanbul - Esenyurt - Barbaros Hayrettin Paþa Mahallesi
1260000,120,110,3,6,4,Ýstanbul - Esenyurt - Ýstiklal Mahallesi
1210000,115,100,3,6,7.5,Ýstanbul - Esenyurt - Selahaddin Eyyubi Mahallesi
1110000,105,95,3,6,4,Ýstanbul - Esenyurt - Mehterçeþme Mahallesi
1000000,110,100,3,6,4,Ýstanbul - Esenyurt - Þehitler Mahallesi
1559000,130,120,3,18,4,Ýstanbul - Esenyurt - Talatpaþa Mahallesi
1100000,110,100,3,6,4,Ýstanbul - Esenyurt - Necip Fazýl Kýsakürek Mahallesi
1350000,120,115,3,6,7.5,Ýstanbul - Esenyurt - Talatpaþa Mahallesi
1195000,115,105,3,6,4,Ýstanbul - Esenyurt - Fatih Mahallesi
750000,105,95,3,6,4,Ýstanbul - Esenyurt - Baðlarçeþme Mahallesi
790000,105,95,3,6,4,Ýstanbul - Esenyurt - Pýnar Mahallesi
2250000,230,220,6,5,7.5,Ýstanbul - Esenyurt - Hürriyet Mahallesi
1860000,95,80,3,5,0,Ýstanbul - Esenyurt - Baðlarçeþme Mahallesi
1299000,135,130,4,6,0,Ýstanbul - Esenyurt - Akevler Mahallesi
1099000,110,95,3,5,3,Ýstanbul - Esenyurt - Güzelyurt Mahallesi
4460000,150,140,4,20,7.5,Ýstanbul - Esenyurt - Cumhuriyet Mahallesi
1900000,140,130,4,6,0,Ýstanbul - Esenyurt - Ýnönü Mahallesi
2050000,85,80,3,5,7.5,Ýstanbul - Esenyurt - Akþemseddin Mahallesi
1649000,100,90,4,4,0,Ýstanbul - Esenyurt - Güzelyurt Mahallesi
1245000,145,130,4,5,2,Ýstanbul - Esenyurt - Cumhuriyet Mahallesi
835000,115,105,3,4,1,Ýstanbul - Esenyurt - Örnek Mahallesi
1285000,115,105,3,4,0,Ýstanbul - Esenyurt - Örnek Mahallesi
890000,95,80,3,6,1,Ýstanbul - Esenyurt - Zafer Mahallesi
1299000,110,100,3,6,4,Ýstanbul - Esenyurt - Pýnar Mahallesi
2650000,100,90,3,24,7.5,Ýstanbul - Esenyurt - Güzelyurt Mahallesi
1585000,125,115,3,22,13.5,Ýstanbul - Esenyurt - Güzelyurt Mahallesi
1492000,110,100,3,5,0,Ýstanbul - Esenyurt - Mehterçeþme Mahallesi
1250000,100,90,3,6,3,Ýstanbul - Esenyurt - Üçevler Mahallesi
1480000,105,95,3,6,3,Ýstanbul - Esenyurt - Mehmet Akif Ersoy Mahallesi
1400000,125,115,3,5,7.5,Ýstanbul - Esenyurt - Baðlarçeþme Mahallesi
1300000,95,85,3,6,3,Ýstanbul - Esenyurt - Güzelyurt Mahallesi
1395000,120,90,3,5,2,Ýstanbul - Esenyurt - Atatürk Mahallesi
970000,120,95,3,1,0,Ýstanbul - Esenyurt - Çýnar Mahallesi
970000,110,100,3,5,7.5,Ýstanbul - Esenyurt - Ýstiklal Mahallesi
1590000,120,110,3,6,7.5,Ýstanbul - Esenyurt - Süleymaniye Mahallesi
2050000,150,140,4,6,0,Ýstanbul - Esenyurt - Ýnönü Mahallesi
1170000,95,85,3,5,4,Ýstanbul - Esenyurt - Pýnar Mahallesi
1600000,120,110,3,6,2,Ýstanbul - Esenyurt - Barbaros Hayrettin Paþa Mahallesi
4000000,145,130,4,7,21,Ýstanbul - Esenyurt - Gökevler Mahallesi
899000,110,100,3,5,7.5,Ýstanbul - Esenyurt - Sultaniye Mahallesi
1275000,85,75,2,3,0,Ýstanbul - Esenyurt - Akçaburgaz Mahallesi
1650000,70,60,2,14,18.5,Ýstanbul - Esenyurt - Mevlana Mahallesi
1200000,60,55,2,13,7.5,Ýstanbul - Esenyurt - Piri Reis Mahallesi
1700000,120,110,3,30,7.5,Ýstanbul - Esenyurt - Akevler Mahallesi
879000,120,110,4,5,4,Ýstanbul - Esenyurt - Yeþilkent Mahallesi
1950000,160,140,4,5,7.5,Ýstanbul - Esenyurt - Selahaddin Eyyubi Mahallesi
1350000,70,60,2,4,4,Ýstanbul - Esenyurt - Saadetdere Mahallesi
1050000,130,125,4,6,4,Ýstanbul - Esenyurt - Süleymaniye Mahallesi
1050000,115,105,3,10,1,Ýstanbul - Esenyurt - Cumhuriyet Mahallesi
1600000,100,90,3,6,0,Ýstanbul - Esenyurt - Yenikent Mahallesi
2100000,100,90,3,6,0,Ýstanbul - Esenyurt - Yenikent Mahallesi
1050000,105,95,3,5,0,Ýstanbul - Esenyurt - Güzelyurt Mahallesi
1310000,70,60,2,15,7.5,Ýstanbul - Esenyurt - Zafer Mahallesi
1980000,160,150,4,6,7.5,Ýstanbul - Esenyurt - Süleymaniye Mahallesi
2330000,240,230,6,5,4,Ýstanbul - Esenyurt - Barbaros Hayrettin Paþa Mahallesi
1500000,145,130,4,6,3,Ýstanbul - Esenyurt - Güzelyurt Mahallesi
1425000,147,115,4,5,7.5,Ýstanbul - Esenyurt - Pýnar Mahallesi
850000,70,50,,38,3,Ýstanbul - Esenyurt - Sultaniye Mahallesi
1350000,100,90,3,6,7.5,Ýstanbul - Esenyurt - Güzelyurt Mahallesi
2570000,140,120,4,9,13.5,Ýstanbul - Esenyurt - Barbaros Hayrettin Paþa Mahallesi
1200000,105,85,3,5,4,Ýstanbul - Esenyurt - Güzelyurt Mahallesi
1880000,110,100,3,6,7.5,Ýstanbul - Esenyurt - Güzelyurt Mahallesi
1450000,115,105,3,6,4,Ýstanbul - Esenyurt - Mehterçeþme Mahallesi
1300000,90,80,3,6,7.5,Ýstanbul - Esenyurt - Ýncirtepe Mahallesi
1039000,115,100,3,5,1,Ýstanbul - Esenyurt - Þehitler Mahallesi
1950000,120,115,3,4,0,Ýstanbul - Esenyurt - Güzelyurt Mahallesi
1550000,145,105,4,6,3,Ýstanbul - Esenyurt - Battalgazi Mahallesi
2950000,110,100,3,5,0,Ýstanbul - Esenyurt - Saadetdere Mahallesi
1450000,120,110,4,6,7.5,Ýstanbul - Esenyurt - Namýk Kemal Mahallesi
1580000,115,105,3,6,4,Ýstanbul - Esenyurt - Mehmet Akif Ersoy Mahallesi
800000,100,90,3,6,3,Ýstanbul - Esenyurt - Çýnar Mahallesi
900000,115,110,3,6,4,Ýstanbul - Esenyurt - Güzelyurt Mahallesi
1550000,90,85,3,13,7.5,Ýstanbul - Esenyurt - Barbaros Hayrettin Paþa Mahallesi
1200000,100,85,3,4,7.5,Ýstanbul - Esenyurt - Ýncirtepe Mahallesi
1350000,110,95,3,4,4,Ýstanbul - Esenyurt - Pýnar Mahallesi
1675000,75,60,2,30,7.5,Ýstanbul - Esenyurt - Zafer Mahallesi
896000,105,95,3,6,7.5,Ýstanbul - Esenyurt - Ardýçlý Mahallesi
1500000,100,90,3,4,0,Ýstanbul - Esenyurt - Ardýçlý Mahallesi
1000000,110,100,3,10,0,Ýstanbul - Esenyurt - Cumhuriyet Mahallesi
1000000,100,95,3,6,0,Ýstanbul - Esenyurt - Güzelyurt Mahallesi
1190000,105,95,3,6,7.5,Ýstanbul - Esenyurt - Ýnönü Mahallesi
1260000,130,120,4,5,0,Ýstanbul - Esenyurt - Güzelyurt Mahallesi
2400000,145,140,4,6,0,Ýstanbul - Esenyurt - Baðlarçeþme Mahallesi
1875000,145,140,4,5,0,Ýstanbul - Esenyurt - Baðlarçeþme Mahallesi
3380000,140,130,4,9,7.5,Ýstanbul - Esenyurt - Piri Reis Mahallesi
2700000,135,115,3,13,7.5,Ýstanbul - Esenyurt - Cumhuriyet Mahallesi
1599000,103,95,3,4,7.5,Ýstanbul - Esenyurt - Mehterçeþme Mahallesi
2125000,235,165,7,5,7.5,Ýstanbul - Esenyurt - Necip Fazýl Kýsakürek Mahallesi
1365000,124,110,3,4,7.5,Ýstanbul - Esenyurt - Pýnar Mahallesi
1850000,120,100,4,5,7.5,Ýstanbul - Esenyurt - Þehitler Mahallesi
1350000,100,90,3,6,7.5,Ýstanbul - Esenyurt - Necip Fazýl Kýsakürek Mahallesi
920000,90,85,3,6,7.5,Ýstanbul - Esenyurt - Osmangazi Mahallesi
1350000,110,90,3,5,4,Ýstanbul - Esenyurt - Turgut Özal Mahallesi
1350000,110,90,3,5,4,Ýstanbul - Esenyurt - Turgut Özal Mahallesi
1620000,125,115,4,6,3,Ýstanbul - Esenyurt - Mehmet Akif Ersoy Mahallesi
1350000,110,90,3,5,4,Ýstanbul - Esenyurt - Turgut Özal Mahallesi
1495000,75,67,2,21,3,Ýstanbul - Esenyurt - Akevler Mahallesi
1299000,120,115,3,4,3,Ýstanbul - Esenyurt - Güzelyurt Mahallesi
1285000,110,100,3,4,13.5,Ýstanbul - Esenyurt - Saadetdere Mahallesi
2099000,145,130,4,6,0,Ýstanbul - Esenyurt - Çýnar Mahallesi
1169000,100,90,3,5,7.5,Ýstanbul - Esenyurt - Pýnar Mahallesi
1700000,125,120,3,4,0,Ýstanbul - Esenyurt - Cumhuriyet Mahallesi
1695000,110,90,3,13,4,Ýstanbul - Esenyurt - Akevler Mahallesi
2559000,150,140,4,4,0,Ýstanbul - Esenyurt - Örnek Mahallesi
1420000,110,90,3,5,4,Ýstanbul - Esenyurt - Talatpaþa Mahallesi
1220000,120,110,4,5,7.5,Ýstanbul - Esenyurt - Necip Fazýl Kýsakürek Mahallesi
899000,110,95,3,5,2,Ýstanbul - Esenyurt - Baðlarçeþme Mahallesi
1699000,135,127,3,11,0,Ýstanbul - Esenyurt - Selahaddin Eyyubi Mahallesi
2960000,120,100,3,13,0,Ýstanbul - Esenyurt - Akþemseddin Mahallesi
1450000,76,56,2,24,4,Ýstanbul - Esenyurt - Yeþilkent Mahallesi
2000000,100,90,3,4,7.5,Ýstanbul - Esenyurt - Ýnönü Mahallesi
1350000,110,100,3,5,7.5,Ýstanbul - Esenyurt - Ýstiklal Mahallesi
2000000,100,90,3,12,7.5,Ýstanbul - Esenyurt - Akevler Mahallesi
1650000,110,100,3,5,0,Ýstanbul - Esenyurt - Süleymaniye Mahallesi
1299999,140,125,4,4,13.5,Ýstanbul - Esenyurt - Ardýçlý Mahallesi
1400000,120,110,3,5,7.5,Ýstanbul - Esenyurt - Örnek Mahallesi
1520000,130,120,4,3,0,Ýstanbul - Esenyurt - Akçaburgaz Mahallesi
1520000,130,120,4,3,0,Ýstanbul - Esenyurt - Akçaburgaz Mahallesi
1430000,64,55,2,10,7.5,Ýstanbul - Esenyurt - Barbaros Hayrettin Paþa Mahallesi
1750000,62,59,2,13,7.5,Ýstanbul - Esenyurt - Barbaros Hayrettin Paþa Mahallesi
1790000,83,70,2,14,7.5,Ýstanbul - Esenyurt - Cumhuriyet Mahallesi
1650000,90,75,3,4,13.5,Ýstanbul - Esenyurt - Mehterçeþme Mahallesi
1105000,48,45,2,27,4,Ýstanbul - Esenyurt - Yeþilkent Mahallesi
3499000,118,100,3,3,0,Ýstanbul - Esenyurt - Güzelyurt Mahallesi
1470000,125,115,4,6,18.5,Ýstanbul - Esenyurt - Güzelyurt Mahallesi
1500000,100,90,3,5,7.5,Ýstanbul - Esenyurt - Selahaddin Eyyubi Mahallesi
2700000,125,110,3,24,4,Ýstanbul - Esenyurt - Zafer Mahallesi
3150000,157,110,4,24,4,Ýstanbul - Esenyurt - Zafer Mahallesi
799000,110,100,3,6,4,Ýstanbul - Esenyurt - Süleymaniye Mahallesi
1250000,110,95,3,6,7.5,Ýstanbul - Esenyurt - Süleymaniye Mahallesi
1399000,135,125,4,6,3,Ýstanbul - Esenyurt - Yenikent Mahallesi
2050000,140,130,4,4,0,Ýstanbul - Esenyurt - Ýncirtepe Mahallesi
1499000,125,120,3,5,4,Ýstanbul - Esenyurt - Güzelyurt Mahallesi
1145000,120,110,3,5,4,Ýstanbul - Esenyurt - Güzelyurt Mahallesi
790000,85,70,3,5,4,Ýstanbul - Esenyurt - Osmangazi Mahallesi
1000000,105,95,2,4,0,Ýstanbul - Esenyurt - Güzelyurt Mahallesi
1999999,115,105,3,4,0,Ýstanbul - Esenyurt - Akevler Mahallesi
1550000,100,90,3,5,0,Ýstanbul - Esenyurt - Saadetdere Mahallesi
999000,90,80,3,4,7.5,Ýstanbul - Esenyurt - Mevlana Mahallesi
2350000,100,90,3,4,0,Ýstanbul - Esenyurt - Baðlarçeþme Mahallesi
1440000,110,90,3,5,7.5,Ýstanbul - Esenyurt - Çýnar Mahallesi
980000,75,65,2,30,13.5,Ýstanbul - Esenyurt - Yeþilkent Mahallesi
1250000,100,90,3,5,0,Ýstanbul - Esenyurt - Güzelyurt Mahallesi
875000,120,105,3,5,1,Ýstanbul - Esenyurt - Necip Fazýl Kýsakürek Mahallesi
1500000,110,100,4,5,7.5,Ýstanbul - Esenyurt - Çýnar Mahallesi
1600000,140,120,3,5,7.5,Ýstanbul - Esenyurt - Ardýçlý Mahallesi
1300000,130,120,4,6,0,Ýstanbul - Esenyurt - Güzelyurt Mahallesi
1350000,100,90,3,5,7.5,Ýstanbul - Esenyurt - Osmangazi Mahallesi
1250000,110,100,3,6,7.5,Ýstanbul - Esenyurt - Üçevler Mahallesi
1150000,110,90,3,5,7.5,Ýstanbul - Esenyurt - Talatpaþa Mahallesi
1520000,110,100,3,6,7.5,Ýstanbul - Esenyurt - Üçevler Mahallesi
1329000,75,70,2,23,4,Ýstanbul - Esenyurt - Piri Reis Mahallesi
2290000,130,120,4,4,0,Ýstanbul - Esenyurt - Orhan Gazi Mahallesi
1410000,120,100,3,5,7.5,Ýstanbul - Esenyurt - Talatpaþa Mahallesi
1115000,110,100,3,6,4,Ýstanbul - Esenyurt - Sultaniye Mahallesi
2000000,100,90,4,4,0,Ýstanbul - Esenyurt - Orhan Gazi Mahallesi
999999,110,100,3,6,4,Ýstanbul - Esenyurt - Pýnar Mahallesi
1270000,100,90,3,5,7.5,Ýstanbul - Esenyurt - Pýnar Mahallesi
1360000,110,100,3,5,7.5,Ýstanbul - Esenyurt - Atatürk Mahallesi
1400000,110,100,3,5,7.5,Ýstanbul - Esenyurt - Atatürk Mahallesi
1550000,100,85,3,12,4,Ýstanbul - Esenyurt - Akevler Mahallesi
1150000,100,95,3,5,7.5,Ýstanbul - Esenyurt - Sultaniye Mahallesi
1500000,115,110,3,25,7.5,Ýstanbul - Esenyurt - Yeþilkent Mahallesi
1250000,120,115,3,6,7.5,Ýstanbul - Esenyurt - Talatpaþa Mahallesi
1520000,110,90,3,6,7.5,Ýstanbul - Esenyurt - Üçevler Mahallesi
1370000,105,90,3,5,7.5,Ýstanbul - Esenyurt - Yeþilkent Mahallesi
2469000,190,180,6,5,7.5,Ýstanbul - Esenyurt - Osmangazi Mahallesi
1380000,80,70,3,4,4,Ýstanbul - Esenyurt - Mehterçeþme Mahallesi
1850000,130,120,4,4,7.5,Ýstanbul - Esenyurt - Hürriyet Mahallesi
589000,100,80,3,6,7.5,Ýstanbul - Esenyurt - Fatih Mahallesi
1980000,120,90,3,4,7.5,Ýstanbul - Esenyurt - Mehmet Akif Ersoy Mahallesi
884900,105,90,3,6,7.5,Ýstanbul - Esenyurt - Baðlarçeþme Mahallesi
1525000,145,135,4,5,7.5,Ýstanbul - Esenyurt - Selahaddin Eyyubi Mahallesi
950000,100,90,3,5,7.5,Ýstanbul - Esenyurt - Yenikent Mahallesi
995000,100,90,3,5,7.5,Ýstanbul - Esenyurt - Battalgazi Mahallesi
1900000,155,135,4,5,0,Ýstanbul - Esenyurt - Cumhuriyet Mahallesi
2000000,75,60,2,14,7.5,Ýstanbul - Esenyurt - Turgut Özal Mahallesi
2000000,75,60,2,14,7.5,Ýstanbul - Esenyurt - Turgut Özal Mahallesi
875000,100,85,3,4,4,Ýstanbul - Esenyurt - Ardýçlý Mahallesi
895000,100,85,3,4,4,Ýstanbul - Esenyurt - Mehmet Akif Ersoy Mahallesi
1449000,180,150,6,5,7.5,Ýstanbul - Esenyurt - Osmangazi Mahallesi
2400000,145,120,4,4,7.5,Ýstanbul - Esenyurt - Süleymaniye Mahallesi
1400000,100,85,3,5,7.5,Ýstanbul - Esenyurt - Süleymaniye Mahallesi
1210000,125,110,3,5,1,Ýstanbul - Esenyurt - Ardýçlý Mahallesi
1299000,125,110,3,5,3,Ýstanbul - Esenyurt - Þehitler Mahallesi
2100000,105,90,3,4,0,Ýstanbul - Esenyurt - Mehmet Akif Ersoy Mahallesi
859000,115,100,3,5,1,Ýstanbul - Esenyurt - Baðlarçeþme Mahallesi
1370000,95,80,2,30,7.5,Ýstanbul - Esenyurt - Piri Reis Mahallesi
2600000,150,135,4,6,2,Ýstanbul - Esenyurt - Mehterçeþme Mahallesi
1700000,110,100,3,6,4,Ýstanbul - Esenyurt - Mehterçeþme Mahallesi
2995000,110,100,3,6,0,Ýstanbul - Esenyurt - Akevler Mahallesi
1930000,140,130,4,6,7.5,Ýstanbul - Esenyurt - Süleymaniye Mahallesi
1099000,90,80,2,5,0,Ýstanbul - Esenyurt - Üçevler Mahallesi
1580000,120,110,3,30,7.5,Ýstanbul - Esenyurt - Yeþilkent Mahallesi
1250000,120,115,3,4,3,Ýstanbul - Esenyurt - Mehterçeþme Mahallesi
1685000,125,115,3,4,0,Ýstanbul - Esenyurt - Güzelyurt Mahallesi
1950000,180,165,5,6,7.5,Ýstanbul - Esenyurt - Yenikent Mahallesi
2300000,110,100,4,4,13.5,Ýstanbul - Esenyurt - Hürriyet Mahallesi
730000,80,65,2,11,13.5,Ýstanbul - Esenyurt - Talatpaþa Mahallesi
2650000,175,160,5,6,0,Ýstanbul - Esenyurt - Sultaniye Mahallesi
1925000,145,130,4,6,0,Ýstanbul - Esenyurt - Sultaniye Mahallesi
949000,80,75,2,4,7.5,Ýstanbul - Esenyurt - Güzelyurt Mahallesi
730000,70,65,2,11,7.5,Ýstanbul - Esenyurt - Talatpaþa Mahallesi
1230000,105,90,3,5,0,Ýstanbul - Esenyurt - Talatpaþa Mahallesi
980000,90,80,3,5,4,Ýstanbul - Esenyurt - Pýnar Mahallesi
835000,115,105,3,4,1,Ýstanbul - Esenyurt - Örnek Mahallesi
1285000,115,105,3,4,0,Ýstanbul - Esenyurt - Örnek Mahallesi
835000,115,105,3,4,1,Ýstanbul - Esenyurt - Örnek Mahallesi
1285000,115,105,3,4,0,Ýstanbul - Esenyurt - Örnek Mahallesi
1350000,120,110,3,4,0,Ýstanbul - Esenyurt - Güzelyurt Mahallesi
925000,115,105,3,4,0,Ýstanbul - Esenyurt - Örnek Mahallesi
924999,115,105,3,4,0,Ýstanbul - Esenyurt - Güzelyurt Mahallesi
1649000,110,100,3,6,2,Ýstanbul - Esenyurt - Mehterçeþme Mahallesi
1150000,110,100,3,6,0,Ýstanbul - Esenyurt - Güzelyurt Mahallesi
1285000,135,120,3,22,13.5,Ýstanbul - Esenyurt - Güzelyurt Mahallesi
1650000,135,120,3,22,13.5,Ýstanbul - Esenyurt - Güzelyurt Mahallesi
1600000,175,160,4,22,7.5,Ýstanbul - Esenyurt - Çýnar Mahallesi
1060000,85,70,2,22,13.5,Ýstanbul - Esenyurt - Güzelyurt Mahallesi
1400000,120,110,3,22,13.5,Ýstanbul - Esenyurt - Güzelyurt Mahallesi
1675000,125,115,3,22,13.5,Ýstanbul - Esenyurt - Güzelyurt Mahallesi
1675000,130,120,3,22,13.5,Ýstanbul - Esenyurt - Güzelyurt Mahallesi
2050000,200,190,6,4,7.5,Ýstanbul - Esenyurt - Güzelyurt Mahallesi
1550000,100,90,3,34,7.5,Ýstanbul - Esenyurt - Sultaniye Mahallesi
1750000,155,140,4,5,7.5,Ýstanbul - Esenyurt - Üçevler Mahallesi
1795000,155,95,4,1,4,Ýstanbul - Esenyurt - Üçevler Mahallesi
1880000,105,95,3,5,0,Ýstanbul - Esenyurt - Yeþilkent Mahallesi
585000,90,85,3,5,4,Ýstanbul - Esenyurt - Üçevler Mahallesi
2100000,130,120,3,4,7.5,Ýstanbul - Esenyurt - Ýnönü Mahallesi
1649000,135,120,4,5,4,Ýstanbul - Esenyurt - Üçevler Mahallesi
1199000,95,85,3,6,0,Ýstanbul - Esenyurt - Akçaburgaz Mahallesi
2500000,101,75,3,17,4,Ýstanbul - Esenyurt - Zafer Mahallesi
4295000,125,105,3,10,0,Ýstanbul - Esenyurt - Cumhuriyet Mahallesi
3450000,140,120,4,17,4,Ýstanbul - Esenyurt - Zafer Mahallesi
2280000,105,95,3,4,7.5,Ýstanbul - Esenyurt - Saadetdere Mahallesi
1049000,75,60,2,6,7.5,Ýstanbul - Esenyurt - Fatih Mahallesi
2800000,155,135,4,10,7.5,Ýstanbul - Esenyurt - Barbaros Hayrettin Paþa Mahallesi
13000000,185,150,4,40,0,Ýstanbul - Esenyurt - Koza Mahallesi
13000000,185,150,4,40,0,Ýstanbul - Esenyurt - Koza Mahallesi
1145000,95,80,3,5,0,Ýstanbul - Esenyurt - Cumhuriyet Mahallesi
1050000,105,95,3,5,0,Ýstanbul - Esenyurt - Üçevler Mahallesi
1095000,105,95,3,5,3,Ýstanbul - Esenyurt - Cumhuriyet Mahallesi
1179000,105,90,3,5,0,Ýstanbul - Esenyurt - Üçevler Mahallesi
2600000,135,125,4,6,0,Ýstanbul - Esenyurt - Yenikent Mahallesi
1350000,110,100,3,4,0,Ýstanbul - Esenyurt - Esenkent Mahallesi
1299000,100,85,3,4,0,Ýstanbul - Esenyurt - Cumhuriyet Mahallesi
1250000,110,100,3,4,0,Ýstanbul - Esenyurt - Gökevler Mahallesi
1795000,105,90,3,6,0,Ýstanbul - Esenyurt - Ardýçlý Mahallesi
1200000,75,60,2,32,1,Ýstanbul - Esenyurt - Akevler Mahallesi
1230000,85,70,2,6,0,Ýstanbul - Esenyurt - Yenikent Mahallesi
1290000,65,50,2,14,4,Ýstanbul - Esenyurt - Barbaros Hayrettin Paþa Mahallesi
1200000,85,70,2,12,0,Ýstanbul - Esenyurt - Mehmet Akif Ersoy Mahallesi
1150000,110,100,3,6,0,Ýstanbul - Esenyurt - Üçevler Mahallesi
1250000,120,110,3,5,3,Ýstanbul - Esenyurt - Baðlarçeþme Mahallesi
1480000,100,90,3,5,0,Ýstanbul - Esenyurt - Saadetdere Mahallesi
1150000,115,100,3,6,0,Ýstanbul - Esenyurt - Ýnönü Mahallesi
1499000,110,100,3,6,0,Ýstanbul - Esenyurt - Ardýçlý Mahallesi
799000,80,60,2,5,7.5,Ýstanbul - Esenyurt - Güzelyurt Mahallesi
1190000,90,85,2,6,7.5,Ýstanbul - Esenyurt - Sultaniye Mahallesi
845000,80,70,2,6,4,Ýstanbul - Esenyurt - Mehmet Akif Ersoy Mahallesi
2090000,120,100,3,30,7.5,Ýstanbul - Esenyurt - Akevler Mahallesi
955000,90,80,2,6,0,Ýstanbul - Esenyurt - Mehterçeþme Mahallesi
919999,90,85,3,5,0,Ýstanbul - Esenyurt - Cumhuriyet Mahallesi
1320000,85,65,2,13,4,Ýstanbul - Esenyurt - Gökevler Mahallesi
1550000,120,110,3,5,7.5,Ýstanbul - Esenyurt - Baðlarçeþme Mahallesi
1255000,110,90,3,4,7.5,Ýstanbul - Esenyurt - Mehterçeþme Mahallesi
1300000,110,95,3,4,7.5,Ýstanbul - Esenyurt - Þehitler Mahallesi
1530000,125,115,4,5,4,Ýstanbul - Esenyurt - Necip Fazýl Kýsakürek Mahallesi
1279000,110,100,3,4,7.5,Ýstanbul - Esenyurt - Necip Fazýl Kýsakürek Mahallesi
2150000,140,130,4,12,7.5,Ýstanbul - Esenyurt - Yeþilkent Mahallesi
1250000,110,95,3,4,7.5,Ýstanbul - Esenyurt - Pýnar Mahallesi
1150000,110,100,3,4,7.5,Ýstanbul - Esenyurt - Örnek Mahallesi
1830000,165,150,4,4,7.5,Ýstanbul - Esenyurt - Baðlarçeþme Mahallesi
600000,70,60,,30,7.5,Ýstanbul - Esenyurt - Talatpaþa Mahallesi
1300000,105,100,3,5,7.5,Ýstanbul - Esenyurt - Hürriyet Mahallesi
1950000,145,130,4,5,2,Ýstanbul - Esenyurt - Yenikent Mahallesi
1350000,110,100,3,4,4,Ýstanbul - Esenyurt - Necip Fazýl Kýsakürek Mahallesi
2800000,235,225,6,5,4,Ýstanbul - Esenyurt - Atatürk Mahallesi
2380000,180,160,5,4,7.5,Ýstanbul - Esenyurt - Ýncirtepe Mahallesi
1000000,130,105,3,30,4,Ýstanbul - Esenyurt - Cumhuriyet Mahallesi
1300000,100,90,3,4,0,Ýstanbul - Esenyurt - Ýnönü Mahallesi
1680000,75,60,2,9,7.5,Ýstanbul - Esenyurt - Piri Reis Mahallesi
1115000,105,90,3,5,0,Ýstanbul - Esenyurt - Ýncirtepe Mahallesi
967000,95,80,3,5,7.5,Ýstanbul - Esenyurt - Necip Fazýl Kýsakürek Mahallesi
1018000,100,85,3,5,7.5,Ýstanbul - Esenyurt - Süleymaniye Mahallesi
1415000,105,95,3,5,7.5,Ýstanbul - Esenyurt - Mehmet Akif Ersoy Mahallesi
1815000,115,100,3,5,4,Ýstanbul - Esenyurt - Mehterçeþme Mahallesi
1269000,135,125,4,5,7.5,Ýstanbul - Esenyurt - Zafer Mahallesi
763000,100,90,3,6,7.5,Ýstanbul - Esenyurt - Güzelyurt Mahallesi
895000,90,80,3,5,7.5,Ýstanbul - Esenyurt - Ýnönü Mahallesi
1748000,185,170,6,5,7.5,Ýstanbul - Esenyurt - Necip Fazýl Kýsakürek Mahallesi
2900000,110,95,3,5,7.5,Ýstanbul - Esenyurt - Turgut Özal Mahallesi
2175000,320,305,7,4,7.5,Ýstanbul - Esenyurt - Mehterçeþme Mahallesi
2550000,115,85,3,24,4,Ýstanbul - Esenyurt - Zafer Mahallesi
1780000,100,80,3,9,7.5,Ýstanbul - Esenyurt - Baðlarçeþme Mahallesi
2600000,143,110,4,22,3,Ýstanbul - Esenyurt - Zafer Mahallesi
3600000,157,125,4,24,3,Ýstanbul - Esenyurt - Zafer Mahallesi
2450000,80,55,2,24,0,Ýstanbul - Esenyurt - Zafer Mahallesi
2450000,80,55,2,24,0,Ýstanbul - Esenyurt - Zafer Mahallesi
2800000,143,115,3,24,3,Ýstanbul - Esenyurt - Zafer Mahallesi
2400000,101,85,3,39,2,Ýstanbul - Esenyurt - Zafer Mahallesi
1850000,70,50,2,24,3,Ýstanbul - Esenyurt - Zafer Mahallesi
2650000,125,100,3,24,3,Ýstanbul - Esenyurt - Zafer Mahallesi
1900000,79,50,2,24,4,Ýstanbul - Esenyurt - Zafer Mahallesi
1750000,70,50,2,24,4,Ýstanbul - Esenyurt - Zafer Mahallesi
3250000,143,110,4,22,3,Ýstanbul - Esenyurt - Zafer Mahallesi
2750000,101,70,3,22,3,Ýstanbul - Esenyurt - Zafer Mahallesi
3750000,171,140,4,17,7.5,Ýstanbul - Esenyurt - Zafer Mahallesi
3450000,165,110,4,22,2,Ýstanbul - Esenyurt - Zafer Mahallesi
2750000,118,85,3,22,3,Ýstanbul - Esenyurt - Zafer Mahallesi
2650000,115,100,3,24,3,Ýstanbul - Esenyurt - Zafer Mahallesi
1850000,70,50,2,24,4,Ýstanbul - Esenyurt - Zafer Mahallesi
3800000,171,140,4,17,7.5,Ýstanbul - Esenyurt - Zafer Mahallesi
4800000,220,180,4,2,3,Ýstanbul - Esenyurt - Zafer Mahallesi
3400000,187,140,4,24,3,Ýstanbul - Esenyurt - Zafer Mahallesi
1350000,75,65,2,16,4,Ýstanbul - Esenyurt - Yeþilkent Mahallesi
1275000,125,110,3,24,7.5,Ýstanbul - Esenyurt - Pýnar Mahallesi
1440000,75,65,2,38,4,Ýstanbul - Esenyurt - Zafer Mahallesi
799999,110,100,3,5,4,Ýstanbul - Esenyurt - Balýkyolu Mahallesi
1475000,100,90,3,5,0,Ýstanbul - Esenyurt - Yenikent Mahallesi
2850000,160,140,4,12,7.5,Ýstanbul - Esenyurt - Yenikent Mahallesi
1010000,33,25,,27,7.5,Ýstanbul - Esenyurt - Yeþilkent Mahallesi
2000000,114,105,3,19,2,Ýstanbul - Esenyurt - Yeþilkent Mahallesi
1575000,110,90,4,6,7.5,Ýstanbul - Esenyurt - Mehterçeþme Mahallesi
2100000,115,100,3,4,7.5,Ýstanbul - Esenyurt - Mehterçeþme Mahallesi
1325000,70,60,2,3,0,Ýstanbul - Esenyurt - Yeþilkent Mahallesi
1650000,72,65,2,14,7.5,Ýstanbul - Esenyurt - Zafer Mahallesi
1500000,72,60,2,13,4,Ýstanbul - Esenyurt - Zafer Mahallesi
1950000,120,115,3,4,0,Ýstanbul - Esenyurt - Güzelyurt Mahallesi
1649000,140,130,4,6,4,Ýstanbul - Esenyurt - Üçevler Mahallesi
1950000,150,135,4,5,0,Ýstanbul - Esenyurt - Ardýçlý Mahallesi
1299000,115,100,3,5,0,Ýstanbul - Esenyurt - Güzelyurt Mahallesi
1175000,105,90,3,5,0,Ýstanbul - Esenyurt - Akçaburgaz Mahallesi
750000,85,70,2,5,0,Ýstanbul - Esenyurt - Mehterçeþme Mahallesi
1420000,110,100,3,6,4,Ýstanbul - Esenyurt - Mehmet Akif Ersoy Mahallesi
589000,110,100,3,5,4,Ýstanbul - Esenyurt - Fatih Mahallesi
1990000,120,110,4,5,3,Ýstanbul - Esenyurt - Üçevler Mahallesi
1650000,85,70,2,30,7.5,Ýstanbul - Esenyurt - Akevler Mahallesi
957000,120,110,3,4,1,Ýstanbul - Esenyurt - Güzelyurt Mahallesi
3900000,143,90,4,22,3,Ýstanbul - Esenyurt - Zafer Mahallesi
2700000,105,75,3,39,3,Ýstanbul - Esenyurt - Zafer Mahallesi
2360000,120,115,4,5,0,Ýstanbul - Esenyurt - Yunus Emre Mahallesi
1700000,70,60,2,24,4,Ýstanbul - Esenyurt - Zafer Mahallesi
3850000,171,145,4,17,7.5,Ýstanbul - Esenyurt - Zafer Mahallesi
3600000,157,125,4,24,4,Ýstanbul - Esenyurt - Zafer Mahallesi
2500000,115,85,3,27,3,Ýstanbul - Esenyurt - Zafer Mahallesi
970000,95,85,3,4,0,Ýstanbul - Esenyurt - Güzelyurt Mahallesi
2050000,145,100,2,39,3,Ýstanbul - Esenyurt - Zafer Mahallesi
2600000,105,75,3,39,3,Ýstanbul - Esenyurt - Zafer Mahallesi
1700000,79,60,2,39,2,Ýstanbul - Esenyurt - Zafer Mahallesi
1500000,75,60,2,24,1,Ýstanbul - Esenyurt - Zafer Mahallesi
1299000,95,80,4,5,0,Ýstanbul - Esenyurt - Güzelyurt Mahallesi
1750000,60,48,2,35,1,Ýstanbul - Esenyurt - Zafer Mahallesi
2750000,125,95,3,24,3,Ýstanbul - Esenyurt - Zafer Mahallesi
930000,95,90,3,5,7.5,Ýstanbul - Esenyurt - Üçevler Mahallesi
4550000,220,150,4,22,3,Ýstanbul - Esenyurt - Zafer Mahallesi
1410000,115,100,3,5,7.5,Ýstanbul - Esenyurt - Ýncirtepe Mahallesi
1500000,55,45,,39,2,Ýstanbul - Esenyurt - Zafer Mahallesi
1800000,76,60,2,27,4,Ýstanbul - Esenyurt - Zafer Mahallesi
1770000,79,60,2,39,2,Ýstanbul - Esenyurt - Zafer Mahallesi
1270000,115,98,3,5,7.5,Ýstanbul - Esenyurt - Necip Fazýl Kýsakürek Mahallesi
1100000,110,90,3,5,7.5,Ýstanbul - Esenyurt - Talatpaþa Mahallesi
2750000,118,85,3,22,3,Ýstanbul - Esenyurt - Zafer Mahallesi
1470000,75,60,2,23,4,Ýstanbul - Esenyurt - Yeþilkent Mahallesi
1650000,80,65,2,38,1,Ýstanbul - Esenyurt - Zafer Mahallesi
3200000,160,150,4,5,0,Ýstanbul - Esenyurt - Ýncirtepe Mahallesi
1750000,73,60,2,39,3,Ýstanbul - Esenyurt - Zafer Mahallesi
1160000,95,85,3,5,7.5,Ýstanbul - Esenyurt - Pýnar Mahallesi
2000000,73,60,2,39,3,Ýstanbul - Esenyurt - Zafer Mahallesi
2500000,105,75,3,22,3,Ýstanbul - Esenyurt - Zafer Mahallesi
1380000,110,100,3,34,7.5,Ýstanbul - Esenyurt - Yeþilkent Mahallesi
3500000,143,100,4,22,2,Ýstanbul - Esenyurt - Zafer Mahallesi
970000,115,105,3,6,4,Ýstanbul - Esenyurt - Üçevler Mahallesi
1150000,100,90,3,5,13.5,Ýstanbul - Esenyurt - Battalgazi Mahallesi
1375000,110,100,3,5,7.5,Ýstanbul - Esenyurt - Çýnar Mahallesi
1350000,110,100,3,5,7.5,Ýstanbul - Esenyurt - Ýstiklal Mahallesi
1190000,115,100,3,5,7.5,Ýstanbul - Esenyurt - Pýnar Mahallesi
1650000,105,95,3,5,4,Ýstanbul - Esenyurt - Talatpaþa Mahallesi
1700000,110,100,3,5,4,Ýstanbul - Esenyurt - Hürriyet Mahallesi
1150000,110,95,3,5,7.5,Ýstanbul - Esenyurt - Þehitler Mahallesi
1350000,110,95,3,5,7.5,Ýstanbul - Esenyurt - Necip Fazýl Kýsakürek Mahallesi
1295000,100,90,3,5,7.5,Ýstanbul - Esenyurt - Çýnar Mahallesi
1170000,100,90,3,5,7.5,Ýstanbul - Esenyurt - Necip Fazýl Kýsakürek Mahallesi
1360000,100,90,3,5,7.5,Ýstanbul - Esenyurt - Baðlarçeþme Mahallesi
1460000,110,95,3,5,7.5,Ýstanbul - Esenyurt - Baðlarçeþme Mahallesi
1289000,95,90,3,5,7.5,Ýstanbul - Esenyurt - Çýnar Mahallesi
1700000,110,95,3,28,7.5,Ýstanbul - Esenyurt - Yeþilkent Mahallesi
1195000,135,130,4,5,7.5,Ýstanbul - Esenyurt - Selahaddin Eyyubi Mahallesi
1700000,110,95,3,28,7.5,Ýstanbul - Esenyurt - Yeþilkent Mahallesi
1195000,135,130,4,5,7.5,Ýstanbul - Esenyurt - Selahaddin Eyyubi Mahallesi
1165000,95,80,3,5,7.5,Ýstanbul - Esenyurt - Ardýçlý Mahallesi
1270000,100,90,3,5,7.5,Ýstanbul - Esenyurt - Pýnar Mahallesi
1350000,110,95,3,5,7.5,Ýstanbul - Esenyurt - Üçevler Mahallesi
1650000,110,90,3,5,7.5,Ýstanbul - Esenyurt - Saadetdere Mahallesi
949000,110,100,3,5,7.5,Ýstanbul - Esenyurt - Süleymaniye Mahallesi
2500000,135,130,4,6,13.5,Ýstanbul - Esenyurt - Aþýk Veysel Mahallesi
1380000,145,140,3,6,7.5,Ýstanbul - Esenyurt - Pýnar Mahallesi
1785000,140,130,4,5,7.5,Ýstanbul - Esenyurt - Balýkyolu Mahallesi
920000,130,120,3,5,4,Ýstanbul - Esenyurt - Osmangazi Mahallesi
1180000,110,100,3,5,4,Ýstanbul - Esenyurt - Çýnar Mahallesi
2595000,210,200,6,5,7.5,Ýstanbul - Esenyurt - Yenikent Mahallesi
1300000,85,75,2,5,7.5,Ýstanbul - Esenyurt - Ýstiklal Mahallesi
1759000,190,170,5,5,7.5,Ýstanbul - Esenyurt - Necip Fazýl Kýsakürek Mahallesi
1675000,155,145,4,4,7.5,Ýstanbul - Esenyurt - Fatih Mahallesi
999000,95,85,3,5,0,Ýstanbul - Esenyurt - Çýnar Mahallesi
1139000,100,90,3,5,7.5,Ýstanbul - Esenyurt - Çýnar Mahallesi
1780000,145,135,3,6,7.5,Ýstanbul - Esenyurt - Fatih Mahallesi
1950000,165,145,3,6,0,Ýstanbul - Esenyurt - Pýnar Mahallesi
1195000,135,125,4,5,13.5,Ýstanbul - Esenyurt - Selahaddin Eyyubi Mahallesi
1650000,90,75,2,17,1,Ýstanbul - Esenyurt - Zafer Mahallesi
1300000,80,65,2,5,0,Ýstanbul - Esenyurt - Güzelyurt Mahallesi
1850000,110,100,3,4,0,Ýstanbul - Esenyurt - Akçaburgaz Mahallesi
1250000,105,95,3,5,0,Ýstanbul - Esenyurt - Ardýçlý Mahallesi
750000,100,95,3,6,1,Ýstanbul - Esenyurt - Üçevler Mahallesi
924999,125,120,3,4,3,Ýstanbul - Esenyurt - Mehterçeþme Mahallesi
1050000,120,110,3,4,3,Ýstanbul - Esenyurt - Atatürk Mahallesi
1357000,120,115,3,4,4,Ýstanbul - Esenyurt - Talatpaþa Mahallesi
1350000,120,115,3,4,0,Ýstanbul - Esenyurt - Ardýçlý Mahallesi
1455000,110,95,3,6,0,Ýstanbul - Esenyurt - Ardýçlý Mahallesi
4650000,150,140,3,30,1,Ýstanbul - Esenyurt - Gökevler Mahallesi
1558000,135,120,4,5,4,Ýstanbul - Esenyurt - Mehterçeþme Mahallesi
1199000,105,90,3,5,4,Ýstanbul - Esenyurt - Güzelyurt Mahallesi
2048000,95,85,3,6,0,Ýstanbul - Esenyurt - Mehmet Akif Ersoy Mahallesi
985000,90,80,2,5,4,Ýstanbul - Esenyurt - Üçevler Mahallesi
924999,115,110,3,4,3,Ýstanbul - Esenyurt - Baðlarçeþme Mahallesi
1450000,95,85,3,5,7.5,Ýstanbul - Esenyurt - Yeþilkent Mahallesi
990000,95,85,3,5,7.5,Ýstanbul - Esenyurt - Mehterçeþme Mahallesi
1249000,110,100,3,6,0,Ýstanbul - Esenyurt - Güzelyurt Mahallesi
750000,80,60,2,5,7.5,Ýstanbul - Esenyurt - Güzelyurt Mahallesi
1350000,110,100,3,4,0,Ýstanbul - Esenyurt - Güzelyurt Mahallesi
3060000,140,130,6,8,7.5,Ýstanbul - Esenyurt - Mehterçeþme Mahallesi
1275000,95,85,3,4,4,Ýstanbul - Esenyurt - Güzelyurt Mahallesi
1270000,110,100,3,6,7.5,Ýstanbul - Esenyurt - Baðlarçeþme Mahallesi
879000,110,100,3,5,4,Ýstanbul - Esenyurt - Üçevler Mahallesi
1450000,105,95,3,6,7.5,Ýstanbul - Esenyurt - Saadetdere Mahallesi
2800000,105,95,3,30,7.5,Ýstanbul - Esenyurt - Zafer Mahallesi
959000,85,75,3,4,7.5,Ýstanbul - Esenyurt - Sultaniye Mahallesi
1700000,78,75,2,10,13.5,Ýstanbul - Esenyurt - Koza Mahallesi
1379500000,110,100,3,29,4,Ýstanbul - Esenyurt - Pýnar Mahallesi
1750000,120,110,3,25,7.5,Ýstanbul - Esenyurt - Yeþilkent Mahallesi
2225000,160,140,4,3,7.5,Ýstanbul - Esenyurt - Akçaburgaz Mahallesi
6500000,200,180,4,16,7.5,Ýstanbul - Esenyurt - Koza Mahallesi
1810000,75,65,2,8,0,Ýstanbul - Esenyurt - Piri Reis Mahallesi
1299000,90,75,2,15,7.5,Ýstanbul - Esenyurt - Turgut Özal Mahallesi
5550000,225,200,4,4,7.5,Ýstanbul - Esenyurt - Akevler Mahallesi
3090000,175,160,4,30,0,Ýstanbul - Esenyurt - Zafer Mahallesi
870000,120,105,3,5,1,Ýstanbul - Esenyurt - Süleymaniye Mahallesi
1575000,105,95,3,5,4,Ýstanbul - Esenyurt - Talatpaþa Mahallesi
1020000,95,90,3,5,4,Ýstanbul - Esenyurt - Pýnar Mahallesi
1450000,105,95,3,5,4,Ýstanbul - Esenyurt - Mehterçeþme Mahallesi
1980000,130,120,4,30,7.5,Ýstanbul - Esenyurt - Necip Fazýl Kýsakürek Mahallesi
1760000,140,120,4,6,0,Ýstanbul - Esenyurt - Saadetdere Mahallesi
1798000,120,100,3,6,0,Ýstanbul - Esenyurt - Ardýçlý Mahallesi
1640000,135,120,4,4,0,Ýstanbul - Esenyurt - Güzelyurt Mahallesi
908000,105,90,3,5,7.5,Ýstanbul - Esenyurt - Üçevler Mahallesi
1165000,90,85,3,5,7.5,Ýstanbul - Esenyurt - Talatpaþa Mahallesi
2315000,145,130,4,5,0,Ýstanbul - Esenyurt - Atatürk Mahallesi
1699000,100,95,3,5,0,Ýstanbul - Esenyurt - Saadetdere Mahallesi
4750000,155,140,4.5,20,13.5,Ýstanbul - Esenyurt - Ardýçlý Mahallesi
1950000,120,100,3,40,7.5,Ýstanbul - Esenyurt - Zafer Mahallesi
1260000,105,95,3,5,0,Ýstanbul - Esenyurt - Saadetdere Mahallesi
3150000,175,150,4,20,13.5,Ýstanbul - Esenyurt - Yunus Emre Mahallesi
1250000,100,90,3,4,7.5,Ýstanbul - Esenyurt - Saadetdere Mahallesi
1549000,115,100,3,5,0,Ýstanbul - Esenyurt - Ardýçlý Mahallesi
3100000,170,150,4,11,13.5,Ýstanbul - Esenyurt - Yunus Emre Mahallesi
4750000,160,150,4.5,11,7.5,Ýstanbul - Esenyurt - Ardýçlý Mahallesi
1259000,135,120,4,5,7.5,Ýstanbul - Esenyurt - Ardýçlý Mahallesi
1100000,85,80,2,5,3,Ýstanbul - Esenyurt - Ýnönü Mahallesi
1465000,105,95,3,5,7.5,Ýstanbul - Esenyurt - Sultaniye Mahallesi
950000,95,85,3,4,3,Ýstanbul - Esenyurt - Ýncirtepe Mahallesi
1049000,110,100,3,5,0,Ýstanbul - Esenyurt - Güzelyurt Mahallesi
1497000,110,100,3,6,0,Ýstanbul - Esenyurt - Ardýçlý Mahallesi
830000,110,100,3,6,4,Ýstanbul - Esenyurt - Yeþilkent Mahallesi
1230000,100,90,3,6,7.5,Ýstanbul - Esenyurt - Mehmet Akif Ersoy Mahallesi
1355000,100,98,3,4,4,Ýstanbul - Esenyurt - Güzelyurt Mahallesi
678800,110,100,3,6,4,Ýstanbul - Esenyurt - Baðlarçeþme Mahallesi
1659000,105,95,3,5,0,Ýstanbul - Esenyurt - Mehterçeþme Mahallesi
1360000,105,95,3,5,0,Ýstanbul - Esenyurt - Güzelyurt Mahallesi
2749000,160,150,3,5,7.5,Ýstanbul - Esenyurt - Güzelyurt Mahallesi
1880000,105,95,3,5,0,Ýstanbul - Esenyurt - Yeþilkent Mahallesi
1350000,105,95,3,5,0,Ýstanbul - Esenyurt - Ardýçlý Mahallesi
2150000,120,110,3,30,7.5,Ýstanbul - Esenyurt - Yeþilkent Mahallesi
1380000,100,90,3,4,7.5,Ýstanbul - Esenyurt - Pýnar Mahallesi
2050000,115,85,3,10,3,Ýstanbul - Esenyurt - Güzelyurt Mahallesi
2500000,265,250,6,5,4,Ýstanbul - Esenyurt - Cumhuriyet Mahallesi
1470000,90,80,3,5,4,Ýstanbul - Esenyurt - Mehterçeþme Mahallesi
787000,90,80,2,5,7.5,Ýstanbul - Esenyurt - Güzelyurt Mahallesi
1829000,150,130,4,6,1,Ýstanbul - Esenyurt - Mehterçeþme Mahallesi
2650000,130,110,3,15,0,Ýstanbul - Esenyurt - Namýk Kemal Mahallesi
1188000,125,120,3,4,3,Ýstanbul - Esenyurt - Örnek Mahallesi
4600000,170,150,4,10,7.5,Ýstanbul - Esenyurt - Barbaros Hayrettin Paþa Mahallesi
1500000,140,130,4,3,0,Ýstanbul - Esenyurt - Yunus Emre Mahallesi
1250000,100,90,3,6,7.5,Ýstanbul - Esenyurt - Selahaddin Eyyubi Mahallesi
899000,110,100,3,6,4,Ýstanbul - Esenyurt - Selahaddin Eyyubi Mahallesi
1500000,95,85,3,4,7.5,Ýstanbul - Esenyurt - Örnek Mahallesi
1765000,120,110,3,15,4,Ýstanbul - Esenyurt - Ardýçlý Mahallesi
1750000,135,125,4,20,7.5,Ýstanbul - Esenyurt - Necip Fazýl Kýsakürek Mahallesi
1925000,84,74,2,15,7.5,Ýstanbul - Esenyurt - Barbaros Hayrettin Paþa Mahallesi
1400000,72,55,2,12,7.5,Ýstanbul - Esenyurt - Piri Reis Mahallesi
1150000,130,120,4,5,0,Ýstanbul - Esenyurt - Cumhuriyet Mahallesi
1479000,100,90,3,5,7.5,Ýstanbul - Esenyurt - Yunus Emre Mahallesi
1199000,90,80,2,6,2,Ýstanbul - Esenyurt - Güzelyurt Mahallesi
4380000,123,119,4,27,7.5,Ýstanbul - Esenyurt - Yeþilkent Mahallesi
1180000,110,100,3,6,0,Ýstanbul - Esenyurt - Yunus Emre Mahallesi
1245000,155,145,4,5,4,Ýstanbul - Esenyurt - Güzelyurt Mahallesi
1240000,100,90,3,6,3,Ýstanbul - Esenyurt - Mehterçeþme Mahallesi
1149000,95,85,3,4,7.5,Ýstanbul - Esenyurt - Süleymaniye Mahallesi
1100000,110,100,3,6,0,Ýstanbul - Esenyurt - Ardýçlý Mahallesi
2000000,100,85,3,6,0,Ýstanbul - Esenyurt - Örnek Mahallesi
1499000,130,120,3,6,0,Ýstanbul - Esenyurt - Çýnar Mahallesi
1599000,120,110,3,6,4,Ýstanbul - Esenyurt - Baðlarçeþme Mahallesi
1685000,120,110,3,4,2,Ýstanbul - Esenyurt - Mehterçeþme Mahallesi
1019000,110,100,3,6,4,Ýstanbul - Esenyurt - Necip Fazýl Kýsakürek Mahallesi
759000,110,100,3,5,0,Ýstanbul - Esenyurt - Mehterçeþme Mahallesi
879000,120,110,4,6,4,Ýstanbul - Esenyurt - Barbaros Hayrettin Paþa Mahallesi
1450000,100,90,3,5,7.5,Ýstanbul - Esenyurt - Mehterçeþme Mahallesi
1410000,110,100,3,5,7.5,Ýstanbul - Esenyurt - Yeþilkent Mahallesi
990000,100,90,2,6,7.5,Ýstanbul - Esenyurt - Ardýçlý Mahallesi
1710000,180,160,5,5,4,Ýstanbul - Esenyurt - Güzelyurt Mahallesi
1190000,85,75,2,6,7.5,Ýstanbul - Esenyurt - Baðlarçeþme Mahallesi
1329000,130,120,3,6,4,Ýstanbul - Esenyurt - Örnek Mahallesi
3850000,172,136,3,5,0,Ýstanbul - Esenyurt - Ardýçlý Mahallesi
1400000,110,100,3,5,7.5,Ýstanbul - Esenyurt - Yeþilkent Mahallesi
999000,110,100,3,6,4,Ýstanbul - Esenyurt - Pýnar Mahallesi
1750000,100,90,3,6,0,Ýstanbul - Esenyurt - Yeþilkent Mahallesi
2690000,110,100,3,6,1,Ýstanbul - Esenyurt - Güzelyurt Mahallesi
1400000,110,100,3,5,4,Ýstanbul - Esenyurt - Yeþilkent Mahallesi
1460000,100,90,3,5,7.5,Ýstanbul - Esenyurt - Mehterçeþme Mahallesi
1950000,150,135,3,4,4,Ýstanbul - Esenyurt - Talatpaþa Mahallesi
1420000,110,100,3,5,7.5,Ýstanbul - Esenyurt - Yeþilkent Mahallesi
1400000,110,95,3,4,4,Ýstanbul - Esenyurt - Talatpaþa Mahallesi
910000,120,115,3,6,2,Ýstanbul - Esenyurt - Mehterçeþme Mahallesi
1000000,145,140,3,4,7.5,Ýstanbul - Esenyurt - Mehterçeþme Mahallesi
2650000,110,100,3,19,3,Ýstanbul - Esenyurt - Piri Reis Mahallesi
1755000,125,115,3,25,0,Ýstanbul - Esenyurt - Piri Reis Mahallesi
1225000,115,110,3,5,3,Ýstanbul - Esenyurt - Þehitler Mahallesi
1720000,95,85,3,6,0,Ýstanbul - Esenyurt - Mehterçeþme Mahallesi
885000,105,95,3,6,7.5,Ýstanbul - Esenyurt - Baðlarçeþme Mahallesi
1455000,130,120,3,10,3,Ýstanbul - Esenyurt - Cumhuriyet Mahallesi
1235000,130,120,4,5,4,Ýstanbul - Esenyurt - Atatürk Mahallesi
1235000,130,120,4,5,4,Ýstanbul - Esenyurt - Atatürk Mahallesi
1099000,95,85,2,6,4,Ýstanbul - Esenyurt - Sultaniye Mahallesi
2250000,120,90,4,5,7.5,Ýstanbul - Esenyurt - Sultaniye Mahallesi
2400000,95,82,3,13,18.5,Ýstanbul - Esenyurt - Turgut Özal Mahallesi
2150000,130,120,4,6,13.5,Ýstanbul - Esenyurt - Yeþilkent Mahallesi
1530000,100,95,3,4,7.5,Ýstanbul - Esenyurt - Mehterçeþme Mahallesi
1699000,130,120,3,6,0,Ýstanbul - Esenyurt - Mehterçeþme Mahallesi
1850000,100,90,3,30,7.5,Ýstanbul - Esenyurt - Necip Fazýl Kýsakürek Mahallesi
1475000,150,145,4,5,0,Ýstanbul - Esenyurt - Battalgazi Mahallesi
859000,110,100,3,5,1,Ýstanbul - Esenyurt - Güzelyurt Mahallesi
1340000,120,110,3,5,0,Ýstanbul - Esenyurt - Güzelyurt Mahallesi
1697000,120,110,3,5,1,Ýstanbul - Esenyurt - Cumhuriyet Mahallesi
785000,120,110,3,5,0,Ýstanbul - Esenyurt - Baðlarçeþme Mahallesi
1675000,90,70,3,6,0,Ýstanbul - Esenyurt - Örnek Mahallesi
1400000,150,140,4,6,0,Ýstanbul - Esenyurt - Üçevler Mahallesi
1420000,110,105,3,5,2,Ýstanbul - Esenyurt - Battalgazi Mahallesi
1600000,130,90,3,16,4,Ýstanbul - Esenyurt - Piri Reis Mahallesi
1420000,120,115,3,5,2,Ýstanbul - Esenyurt - Mehterçeþme Mahallesi
829000,115,100,3,5,1,Ýstanbul - Esenyurt - Balýkyolu Mahallesi
2000000,120,110,3,30,7.5,Ýstanbul - Esenyurt - Necip Fazýl Kýsakürek Mahallesi
2350000,135,120,4,4,4,Ýstanbul - Esenyurt - Örnek Mahallesi
1299000,115,105,3,4,1,Ýstanbul - Esenyurt - Güzelyurt Mahallesi
2350000,110,100,3,14,3,Ýstanbul - Esenyurt - Orhan Gazi Mahallesi
1800000,100,90,3,30,7.5,Ýstanbul - Esenyurt - Necip Fazýl Kýsakürek Mahallesi
1435000,90,80,2.5,30,7.5,Ýstanbul - Esenyurt - Güzelyurt Mahallesi
1950000,115,105,3,4,0,Ýstanbul - Esenyurt - Güzelyurt Mahallesi
1345000,120,110,4,5,4,Ýstanbul - Esenyurt - Hürriyet Mahallesi
1350000,115,90,3,4,7.5,Ýstanbul - Esenyurt - Mehmet Akif Ersoy Mahallesi
960000,95,85,3,5,4,Ýstanbul - Esenyurt - Üçevler Mahallesi
1590000,140,130,4,5,7.5,Ýstanbul - Esenyurt - Pýnar Mahallesi
1600000,120,110,4,6,4,Ýstanbul - Esenyurt - Mehterçeþme Mahallesi
1090000,55,48,2,26,7.5,Ýstanbul - Esenyurt - Akevler Mahallesi
1950000,145,135,4,5,7.5,Ýstanbul - Esenyurt - Çýnar Mahallesi
850000,95,90,3,6,7.5,Ýstanbul - Esenyurt - Talatpaþa Mahallesi
1399000,70,60,2,12,7.5,Ýstanbul - Esenyurt - Piri Reis Mahallesi
1065000,75,60,3,4,7.5,Ýstanbul - Esenyurt - Selahaddin Eyyubi Mahallesi
2450000,190,180,6,6,7.5,Ýstanbul - Esenyurt - Baðlarçeþme Mahallesi
2850000,165,145,4,42,4,Ýstanbul - Esenyurt - Sultaniye Mahallesi
1350000,70,60,2,42,4,Ýstanbul - Esenyurt - Sultaniye Mahallesi
1270000,110,90,3,4,3,Ýstanbul - Esenyurt - Baðlarçeþme Mahallesi
815000,115,95,3,6,0,Ýstanbul - Esenyurt - Baðlarçeþme Mahallesi
1100000,100,90,2,23,7.5,Ýstanbul - Esenyurt - Sultaniye Mahallesi
1095000,105,95,3,6,4,Ýstanbul - Esenyurt - Atatürk Mahallesi
1090000,115,90,3,14,7.5,Ýstanbul - Esenyurt - Gökevler Mahallesi
1680000,120,110,4,12,0,Ýstanbul - Esenyurt - Üçevler Mahallesi
1100000,100,90,2,20,13.5,Ýstanbul - Esenyurt - Sultaniye Mahallesi
2320000,130,120,4,6,7.5,Ýstanbul - Esenyurt - Saadetdere Mahallesi
1699000,110,100,3,6,4,Ýstanbul - Esenyurt - Mehmet Akif Ersoy Mahallesi
1799000,120,110,3,7,7.5,Ýstanbul - Esenyurt - Ýncirtepe Mahallesi
1159000,110,100,3,6,4,Ýstanbul - Esenyurt - Yeþilkent Mahallesi
1575000,120,115,3,30,7.5,Ýstanbul - Esenyurt - Atatürk Mahallesi
1375000,103,87,3,20,7.5,Ýstanbul - Esenyurt - Piri Reis Mahallesi
1800000,100,85,3,11,13.5,Ýstanbul - Esenyurt - Yenikent Mahallesi
3150000,95,85,3,17,7.5,Ýstanbul - Esenyurt - Piri Reis Mahallesi
4600000,150,135,4,4,13.5,Ýstanbul - Esenyurt - Namýk Kemal Mahallesi
1000000,90,80,3,5,4,Ýstanbul - Esenyurt - Talatpaþa Mahallesi
1699000,110,100,3,7,4,Ýstanbul - Esenyurt - Mehterçeþme Mahallesi
1330000,105,95,3,6,7.5,Ýstanbul - Esenyurt - Selahaddin Eyyubi Mahallesi
1599000,110,100,3,7,4,Ýstanbul - Esenyurt - Mehterçeþme Mahallesi
1150000,125,120,3,4,3,Ýstanbul - Esenyurt - Þehitler Mahallesi
1470000,130,120,4,6,7.5,Ýstanbul - Esenyurt - Akevler Mahallesi
1850000,115,95,3,4,7.5,Ýstanbul - Esenyurt - Süleymaniye Mahallesi
1530000,95,90,3,5,4,Ýstanbul - Esenyurt - Mehmet Akif Ersoy Mahallesi
1380000,100,90,3,4,7.5,Ýstanbul - Esenyurt - Pýnar Mahallesi
975000,115,110,3,4,3,Ýstanbul - Esenyurt - Baðlarçeþme Mahallesi
1400000,90,80,3,5,3,Ýstanbul - Esenyurt - Fatih Mahallesi
959000,105,95,3,5,7.5,Ýstanbul - Esenyurt - Talatpaþa Mahallesi
1520000,100,90,3,5,1,Ýstanbul - Esenyurt - Fatih Mahallesi
895000,105,95,3,6,7.5,Ýstanbul - Esenyurt - Talatpaþa Mahallesi
4700000,110,95,3,8,0,Ýstanbul - Esenyurt - Cumhuriyet Mahallesi
895000,105,95,3,6,7.5,Ýstanbul - Esenyurt - Talatpaþa Mahallesi
1700000,110,100,3,6,7.5,Ýstanbul - Esenyurt - Saadetdere Mahallesi
1349000,130,120,4,6,13.5,Ýstanbul - Esenyurt - Saadetdere Mahallesi
999000,85,75,2,5,4,Ýstanbul - Esenyurt - Mehterçeþme Mahallesi
1650000,80,60,3,4,7.5,Ýstanbul - Esenyurt - Namýk Kemal Mahallesi
970000,85,65,2,9,4,Ýstanbul - Esenyurt - Cumhuriyet Mahallesi
750000,100,88,2,33,7.5,Ýstanbul - Esenyurt - Koza Mahallesi
1100000,115,90,3,4,7.5,Ýstanbul - Esenyurt - Pýnar Mahallesi
1385000,140,135,3,4,0,Ýstanbul - Esenyurt - Cumhuriyet Mahallesi
1550000,110,100,3,5,0,Ýstanbul - Esenyurt - Ardýçlý Mahallesi
1599000,150,130,5,6,7.5,Ýstanbul - Esenyurt - Üçevler Mahallesi
1100000,90,80,4,5,7.5,Ýstanbul - Esenyurt - Yunus Emre Mahallesi
1349000,135,120,4,4,0,Ýstanbul - Esenyurt - Ardýçlý Mahallesi
1250000,105,95,3,5,13.5,Ýstanbul - Esenyurt - Güzelyurt Mahallesi
990000,75,60,,16,4,Ýstanbul - Esenyurt - Cumhuriyet Mahallesi
1695000,100,90,3,5,0,Ýstanbul - Esenyurt - Güzelyurt Mahallesi
1499000,125,115,3,5,1,Ýstanbul - Esenyurt - Güzelyurt Mahallesi
1460000,70,48,2,9,4,Ýstanbul - Esenyurt - Piri Reis Mahallesi
1700000,100,90,3,5,0,Ýstanbul - Esenyurt - Güzelyurt Mahallesi
1745000,110,100,3,6,0,Ýstanbul - Esenyurt - Yenikent Mahallesi
990000,135,130,4,5,0,Ýstanbul - Esenyurt - Güzelyurt Mahallesi
1280000,110,100,3,4,4,Ýstanbul - Esenyurt - Baðlarçeþme Mahallesi
1100000,115,90,3,4,7.5,Ýstanbul - Esenyurt - Talatpaþa Mahallesi
1369000,85,75,3,6,0,Ýstanbul - Esenyurt - Mehmet Akif Ersoy Mahallesi
1525000,100,90,3,5,0,Ýstanbul - Esenyurt - Balýkyolu Mahallesi
879000,105,90,3,5,4,Ýstanbul - Esenyurt - Üçevler Mahallesi
2100000,145,130,4,26,7.5,Ýstanbul - Esenyurt - Sultaniye Mahallesi
750000,110,100,3,5,2,Ýstanbul - Esenyurt - Cumhuriyet Mahallesi
1199000,110,90,3,6,7.5,Ýstanbul - Esenyurt - Ýnönü Mahallesi
899000,110,100,3,5,3,Ýstanbul - Esenyurt - Yeþilkent Mahallesi
2100000,150,130,4,22,7.5,Ýstanbul - Esenyurt - Talatpaþa Mahallesi
2200000,120,110,3,15,4,Ýstanbul - Esenyurt - Akevler Mahallesi
3650000,110,100,3,14,13.5,Ýstanbul - Esenyurt - Barbaros Hayrettin Paþa Mahallesi
1970000,160,140,4,5,4,Ýstanbul - Esenyurt - Talatpaþa Mahallesi
1150000,110,90,3,5,7.5,Ýstanbul - Esenyurt - Hürriyet Mahallesi
1650000,140,130,4,5,7.5,Ýstanbul - Esenyurt - Yenikent Mahallesi
1250000,100,90,3,6,4,Ýstanbul - Esenyurt - Ýncirtepe Mahallesi
1275000,100,90,3,5,7.5,Ýstanbul - Esenyurt - Baðlarçeþme Mahallesi
789000,120,115,3,4,4,Ýstanbul - Esenyurt - Güzelyurt Mahallesi
3000000,116,100,3,10,1,Ýstanbul - Esenyurt - Barbaros Hayrettin Paþa Mahallesi
869000,110,90,3,6,4,Ýstanbul - Esenyurt - Ýstiklal Mahallesi
1900000,160,140,4,5,7.5,Ýstanbul - Esenyurt - Balýkyolu Mahallesi
1325000,125,92,3,5,2,Ýstanbul - Esenyurt - Mehmet Akif Ersoy Mahallesi
625000,115,110,3,4,3,Ýstanbul - Esenyurt - Güzelyurt Mahallesi
1560000,95,85,3,6,7.5,Ýstanbul - Esenyurt - Yeþilkent Mahallesi
1420000,90,75,3,4,7.5,Ýstanbul - Esenyurt - Talatpaþa Mahallesi
584500,100,90,3,5,7.5,Ýstanbul - Esenyurt - Talatpaþa Mahallesi
2650000,71,45,2,25,1,Ýstanbul - Esenyurt - Zafer Mahallesi
1499000,140,130,3,6,3,Ýstanbul - Esenyurt - Örnek Mahallesi
1200000,100,90,3,5,7.5,Ýstanbul - Esenyurt - Balýkyolu Mahallesi
1559000,185,150,4,5,0,Ýstanbul - Esenyurt - Cumhuriyet Mahallesi
1280000,120,110,3,15,4,Ýstanbul - Esenyurt - Barbaros Hayrettin Paþa Mahallesi
1500000,120,110,3,30,7.5,Ýstanbul - Esenyurt - Necip Fazýl Kýsakürek Mahallesi
1549000,110,100,3,4,2,Ýstanbul - Esenyurt - Mehmet Akif Ersoy Mahallesi
1150000,110,95,3,4,7.5,Ýstanbul - Esenyurt - Mehmet Akif Ersoy Mahallesi
1600000,100,80,2,13,4,Ýstanbul - Esenyurt - Cumhuriyet Mahallesi
1535000,130,110,3,31,7.5,Ýstanbul - Esenyurt - Akevler Mahallesi
1300000,95,75,2,32,3,Ýstanbul - Esenyurt - Sultaniye Mahallesi
1425000,130,120,4,4,0,Ýstanbul - Esenyurt - Yenikent Mahallesi
1420000,80,75,3,4,7.5,Ýstanbul - Esenyurt - Talatpaþa Mahallesi
1420000,90,75,3,4,7.5,Ýstanbul - Esenyurt - Talatpaþa Mahallesi
599000,120,110,3,4,0,Ýstanbul - Esenyurt - Üçevler Mahallesi
3150000,160,150,4,10,21,Ýstanbul - Esenyurt - Barbaros Hayrettin Paþa Mahallesi
1159000,135,125,3,5,0,Ýstanbul - Esenyurt - Güzelyurt Mahallesi
2350000,105,90,3,6,0,Ýstanbul - Esenyurt - Güzelyurt Mahallesi
1750000,120,110,3,4,7.5,Ýstanbul - Esenyurt - Güzelyurt Mahallesi
929000,70,65,2,16,7.5,Ýstanbul - Esenyurt - Akevler Mahallesi
1850000,145,135,4,14,7.5,Ýstanbul - Esenyurt - Necip Fazýl Kýsakürek Mahallesi
1050000,115,105,3,4,1,Ýstanbul - Esenyurt - Atatürk Mahallesi
1350000,120,110,3,4,0,Ýstanbul - Esenyurt - Güzelyurt Mahallesi
1100000,115,105,3,4,13.5,Ýstanbul - Esenyurt - Atatürk Mahallesi
1050000,115,95,3,6,0,Ýstanbul - Esenyurt - Yenikent Mahallesi
1450000,115,105,3,4,1,Ýstanbul - Esenyurt - Mehterçeþme Mahallesi
1370000,85,65,2,21,4,Ýstanbul - Esenyurt - Sultaniye Mahallesi
790000,115,105,3,4,0,Ýstanbul - Esenyurt - Cumhuriyet Mahallesi
1250000,95,90,3,5,7.5,Ýstanbul - Esenyurt - Üçevler Mahallesi
2500000,100,90,3,6,4,Ýstanbul - Esenyurt - Orhan Gazi Mahallesi
1350000,110,100,3,4,0,Ýstanbul - Esenyurt - Mehterçeþme Mahallesi
1350000,110,100,3,4,0,Ýstanbul - Esenyurt - Mehterçeþme Mahallesi
1050000,110,100,3,5,3,Ýstanbul - Esenyurt - Saadetdere Mahallesi
1250000,100,95,3,5,0,Ýstanbul - Esenyurt - Saadetdere Mahallesi
8000000,175,140,4,9,7.5,Ýstanbul - Esenyurt - Koza Mahallesi
1085000,130,120,3,5,7.5,Ýstanbul - Esenyurt - Güzelyurt Mahallesi
1099000,135,125,4,5,7.5,Ýstanbul - Esenyurt - Osmangazi Mahallesi
1550000,100,90,3,5,4,Ýstanbul - Esenyurt - Mehmet Akif Ersoy Mahallesi
959000,120,110,3,5,7.5,Ýstanbul - Esenyurt - Atatürk Mahallesi
1346000,105,95,3,5,0,Ýstanbul - Esenyurt - Üçevler Mahallesi
2300000,160,150,4,4,7.5,Ýstanbul - Esenyurt - Talatpaþa Mahallesi
1250000,110,95,3,4,0,Ýstanbul - Esenyurt - Güzelyurt Mahallesi
995000,85,70,2,4,0,Ýstanbul - Esenyurt - Mehmet Akif Ersoy Mahallesi
970000,95,80,3,4,4,Ýstanbul - Esenyurt - Ardýçlý Mahallesi
1100000,265,250,6,5,4,Ýstanbul - Esenyurt - Cumhuriyet Mahallesi
2300000,200,190,6,5,2,Ýstanbul - Esenyurt - Hürriyet Mahallesi
830000,100,90,3,5,4,Ýstanbul - Esenyurt - Yeþilkent Mahallesi
945000,135,125,4,5,7.5,Ýstanbul - Esenyurt - Ýstiklal Mahallesi
1200000,105,95,3,5,0,Ýstanbul - Esenyurt - Ardýçlý Mahallesi
1250000,105,95,3,6,4,Ýstanbul - Esenyurt - Örnek Mahallesi
1350000,100,80,3,6,7.5,Ýstanbul - Esenyurt - Ýnönü Mahallesi
1125000,120,110,3,5,0,Ýstanbul - Esenyurt - Üçevler Mahallesi
1095000,90,80,2,5,0,Ýstanbul - Esenyurt - Güzelyurt Mahallesi
1350000,110,100,4,10,7.5,Ýstanbul - Esenyurt - Cumhuriyet Mahallesi
990000,120,110,3,4,3,Ýstanbul - Esenyurt - Mehmet Akif Ersoy Mahallesi
990000,110,100,3,5,4,Ýstanbul - Esenyurt - Mehterçeþme Mahallesi
1000000,120,110,3,7,2,Ýstanbul - Esenyurt - Cumhuriyet Mahallesi
790000,95,90,3,5,7.5,Ýstanbul - Esenyurt - Selahaddin Eyyubi Mahallesi
1990000,125,92,3,5,0,Ýstanbul - Esenyurt - Mehterçeþme Mahallesi
1230000,100,95,3,6,4,Ýstanbul - Esenyurt - Mehmet Akif Ersoy Mahallesi
1490000,100,95,3,5,7.5,Ýstanbul - Esenyurt - Ýnönü Mahallesi
2699000,150,145,4,4,4,Ýstanbul - Esenyurt - Saadetdere Mahallesi
2250000,140,135,4,5,4,Ýstanbul - Esenyurt - Saadetdere Mahallesi
1600000,115,100,3,5,0,Ýstanbul - Esenyurt - Güzelyurt Mahallesi
1250000,95,80,3,4,7.5,Ýstanbul - Esenyurt - Saadetdere Mahallesi
2300000,158,145,4,5,7.5,Ýstanbul - Esenyurt - Talatpaþa Mahallesi
1315000,95,85,3,5,7.5,Ýstanbul - Esenyurt - Mehterçeþme Mahallesi
1669000,140,130,4,4,4,Ýstanbul - Esenyurt - Hürriyet Mahallesi
1500000,67,60,2,24,4,Ýstanbul - Esenyurt - Yeþilkent Mahallesi
1148000,115,105,3,4,1,Ýstanbul - Esenyurt - Örnek Mahallesi
2600000,195,175,4,13,7.5,Ýstanbul - Esenyurt - Cumhuriyet Mahallesi
1389000,100,90,3,4,4,Ýstanbul - Esenyurt - Cumhuriyet Mahallesi
2250000,130,115,3,7,7.5,Ýstanbul - Esenyurt - Mehterçeþme Mahallesi
2200000,135,105,4,8,18.5,Ýstanbul - Esenyurt - Aþýk Veysel Mahallesi
2300000,105,90,3,14,7.5,Ýstanbul - Esenyurt - Pýnar Mahallesi
1300000,85,75,3,6,4,Ýstanbul - Esenyurt - Yeþilkent Mahallesi
1359000,105,95,3,4,3,Ýstanbul - Esenyurt - Talatpaþa Mahallesi
1025000,95,85,3,5,0,Ýstanbul - Esenyurt - Mehmet Akif Ersoy Mahallesi
1460000,100,90,3,5,0,Ýstanbul - Esenyurt - Mehterçeþme Mahallesi
1139000,100,90,3,4,7.5,Ýstanbul - Esenyurt - Çýnar Mahallesi
899000,110,100,3,5,7.5,Ýstanbul - Esenyurt - Pýnar Mahallesi
1630000,105,95,3,6,4,Ýstanbul - Esenyurt - Necip Fazýl Kýsakürek Mahallesi
1099000,110,100,3,6,7.5,Ýstanbul - Esenyurt - Süleymaniye Mahallesi
1300000,135,120,4,5,0,Ýstanbul - Esenyurt - Ýstiklal Mahallesi
799000,105,90,3,5,2,Ýstanbul - Esenyurt - Fatih Mahallesi
1425000,145,130,4,6,3,Ýstanbul - Esenyurt - Osmangazi Mahallesi
1189000,105,93,3,5,4,Ýstanbul - Esenyurt - Ýstiklal Mahallesi
1785000,140,120,3,4,7.5,Ýstanbul - Esenyurt - Yenikent Mahallesi
1375000,115,105,3,4,1,Ýstanbul - Esenyurt - Talatpaþa Mahallesi
865000,115,105,3,4,1,Ýstanbul - Esenyurt - Ardýçlý Mahallesi
1460000,115,110,3,5,0,Ýstanbul - Esenyurt - Akevler Mahallesi
1329000,115,105,3,4,1,Ýstanbul - Esenyurt - Talatpaþa Mahallesi
990000,110,105,3,4,0,Ýstanbul - Esenyurt - Güzelyurt Mahallesi
3690000,135,125,4,11,7.5,Ýstanbul - Esenyurt - Mehterçeþme Mahallesi
899900,115,105,3,4,1,Ýstanbul - Esenyurt - Mehterçeþme Mahallesi
1149000,100,90,2,4,2,Ýstanbul - Esenyurt - Mehterçeþme Mahallesi
1390000,115,110,3,4,0,Ýstanbul - Esenyurt - Sultaniye Mahallesi
2175000,145,140,4,5,0,Ýstanbul - Esenyurt - Saadetdere Mahallesi
759000,165,150,5,4,0,Ýstanbul - Esenyurt - Mehterçeþme Mahallesi
715000,110,100,3,4,1,Ýstanbul - Esenyurt - Pýnar Mahallesi
900000,90,85,3,5,13.5,Ýstanbul - Esenyurt - Mehterçeþme Mahallesi
2200000,95,90,3,4,7.5,Ýstanbul - Esenyurt - Yeþilkent Mahallesi
1660000,140,120,3,4,7.5,Ýstanbul - Esenyurt - Yenikent Mahallesi
760000,125,90,3,5,3,Ýstanbul - Esenyurt - Cumhuriyet Mahallesi
1045000,110,100,3,6,7.5,Ýstanbul - Esenyurt - Pýnar Mahallesi
2390000,140,110,3,31,4,Ýstanbul - Esenyurt - Akevler Mahallesi
799000,115,110,3,4,3,Ýstanbul - Esenyurt - Çýnar Mahallesi
915000,85,82,2,4,3,Ýstanbul - Esenyurt - Çýnar Mahallesi
1299000,120,115,3,4,7.5,Ýstanbul - Esenyurt - Talatpaþa Mahallesi
1999000,120,110,3,15,7.5,Ýstanbul - Esenyurt - Akevler Mahallesi
2180000,145,130,3,15,7.5,Ýstanbul - Esenyurt - Baðlarçeþme Mahallesi
1475000,120,115,3,4,3,Ýstanbul - Esenyurt - Mehterçeþme Mahallesi
1485000,75,70,2,10,3,Ýstanbul - Esenyurt - Baðlarçeþme Mahallesi
1469000,100,90,3,5,7.5,Ýstanbul - Esenyurt - Mehterçeþme Mahallesi
2579000,110,100,3,18,7.5,Ýstanbul - Esenyurt - Akevler Mahallesi
1290000,120,115,3,4,3,Ýstanbul - Esenyurt - Pýnar Mahallesi
937000,120,115,3,4,4,Ýstanbul - Esenyurt - Pýnar Mahallesi
2390000,190,180,5,6,7.5,Ýstanbul - Esenyurt - Çýnar Mahallesi
1327000,120,115,3,4,0,Ýstanbul - Esenyurt - Talatpaþa Mahallesi
820000,110,105,3,4,0,Ýstanbul - Esenyurt - Çýnar Mahallesi
885000,95,85,3,6,7.5,Ýstanbul - Esenyurt - Yenikent Mahallesi
1699900,125,120,3,5,0,Ýstanbul - Esenyurt - Mehterçeþme Mahallesi
1199999,120,115,3,5,0,Ýstanbul - Esenyurt - Mehmet Akif Ersoy Mahallesi
595000,115,105,3,4,0,Ýstanbul - Esenyurt - Üçevler Mahallesi
2390000,190,180,4,6,7.5,Ýstanbul - Esenyurt - Çýnar Mahallesi
1025000,110,100,3,6,4,Ýstanbul - Esenyurt - Akevler Mahallesi
1669000,120,110,3,30,0,Ýstanbul - Esenyurt - Akevler Mahallesi
1550000,125,120,3,5,0,Ýstanbul - Esenyurt - Güzelyurt Mahallesi
998000,55,45,1,30,7.5,Ýstanbul - Esenyurt - Cumhuriyet Mahallesi
1575000,110,100,3,4,3,Ýstanbul - Esenyurt - Yeþilkent Mahallesi
1600000,120,115,3,5,0,Ýstanbul - Esenyurt - Balýkyolu Mahallesi
1499000,110,100,3,4,7.5,Ýstanbul - Esenyurt - Talatpaþa Mahallesi
1475000,125,115,3,4,0,Ýstanbul - Esenyurt - Ardýçlý Mahallesi
1145000,85,80,2,5,0,Ýstanbul - Esenyurt - Mehterçeþme Mahallesi
875000,105,100,3,5,0,Ýstanbul - Esenyurt - Akevler Mahallesi
1345000,85,65,2,12,4,Ýstanbul - Esenyurt - Cumhuriyet Mahallesi
2000000,75,65,2,18,2,Ýstanbul - Esenyurt - Koza Mahallesi
4500000,140,113,3,30,0,Ýstanbul - Esenyurt - Gökevler Mahallesi
1525000,120,115,3,4,3,Ýstanbul - Esenyurt - Ardýçlý Mahallesi
1395000,120,115,3,4,0,Ýstanbul - Esenyurt - Ardýçlý Mahallesi
1225000,85,82,2,15,4,Ýstanbul - Esenyurt - Cumhuriyet Mahallesi
1139000,110,100,3,5,7.5,Ýstanbul - Esenyurt - Selahaddin Eyyubi Mahallesi
1650000,125,120,3,15,7.5,Ýstanbul - Esenyurt - Piri Reis Mahallesi
1250000,115,105,3,4,3,Ýstanbul - Esenyurt - Mehterçeþme Mahallesi
1999999,145,140,5,5,0,Ýstanbul - Esenyurt - Ýncirtepe Mahallesi
1550000,100,90,3,6,7.5,Ýstanbul - Esenyurt - Talatpaþa Mahallesi
1700000,150,140,4,4,0,Ýstanbul - Esenyurt - Güzelyurt Mahallesi
1700000,150,140,4,4,0,Ýstanbul - Esenyurt - Güzelyurt Mahallesi
1450000,90,60,2,13,7.5,Ýstanbul - Esenyurt - Barbaros Hayrettin Paþa Mahallesi
1950000,81,75,2,30,7.5,Ýstanbul - Esenyurt - Akevler Mahallesi
1099000,95,85,3,6,4,Ýstanbul - Esenyurt - Selahaddin Eyyubi Mahallesi
1165000,115,110,3,4,0,Ýstanbul - Esenyurt - Yenikent Mahallesi
1305000,120,115,3,5,3,Ýstanbul - Esenyurt - Pýnar Mahallesi
1359000,110,100,3,5,7.5,Ýstanbul - Esenyurt - Talatpaþa Mahallesi
19000000,340,310,8,3,18.5,Ýstanbul - Esenyurt - Ardýçlý Mahallesi
1299999,125,115,3,5,4,Ýstanbul - Esenyurt - Akevler Mahallesi
3000000,125,115,3,5,7.5,Ýstanbul - Esenyurt - Turgut Özal Mahallesi
1249000,115,100,3,4,7.5,Ýstanbul - Esenyurt - Þehitler Mahallesi
3700000,210,200,6,4,3,Ýstanbul - Esenyurt - Saadetdere Mahallesi
1600000,100,90,3,5,0,Ýstanbul - Esenyurt - Güzelyurt Mahallesi
2100000,100,90,3,4,0,Ýstanbul - Esenyurt - Atatürk Mahallesi
4500000,92,63,2,19,0,Ýstanbul - Esenyurt - Talatpaþa Mahallesi
1269000,110,100,3,5,7.5,Ýstanbul - Esenyurt - Pýnar Mahallesi
1899000,110,90,3,6,4,Ýstanbul - Esenyurt - Mehmet Akif Ersoy Mahallesi
3350000,125,105,4,6,13.5,Ýstanbul - Esenyurt - Barbaros Hayrettin Paþa Mahallesi
3750000,180,170,5,5,7.5,Ýstanbul - Esenyurt - Turgut Özal Mahallesi
899000,120,115,3,4,3,Ýstanbul - Esenyurt - Mehterçeþme Mahallesi
1250000,120,115,3,4,3,Ýstanbul - Esenyurt - Çýnar Mahallesi
1750000,125,115,3,16,4,Ýstanbul - Esenyurt - Cumhuriyet Mahallesi
990000,115,110,4,4,3,Ýstanbul - Esenyurt - Pýnar Mahallesi
2750000,110,100,3,16,4,Ýstanbul - Esenyurt - Piri Reis Mahallesi
3000000,120,110,4,9,21,Ýstanbul - Esenyurt - Barbaros Hayrettin Paþa Mahallesi
825000,105,90,2,4,0,Ýstanbul - Esenyurt - Cumhuriyet Mahallesi
1149000,115,100,3,5,3,Ýstanbul - Esenyurt - Mehterçeþme Mahallesi
1095000,82,70,2,20,4,Ýstanbul - Esenyurt - Piri Reis Mahallesi
1999000,110,100,3,18,7.5,Ýstanbul - Esenyurt - Akevler Mahallesi
1799999,120,115,3,4,0,Ýstanbul - Esenyurt - Yeþilkent Mahallesi
1750000,125,112,3,20,7.5,Ýstanbul - Esenyurt - Çýnar Mahallesi
1230000,130,115,3,5,2,Ýstanbul - Esenyurt - Necip Fazýl Kýsakürek Mahallesi
1265000,105,100,3,4,4,Ýstanbul - Esenyurt - Güzelyurt Mahallesi
1800000,95,85,3,5,0,Ýstanbul - Esenyurt - Güzelyurt Mahallesi
1800000,95,85,3,5,0,Ýstanbul - Esenyurt - Güzelyurt Mahallesi
1450000,120,110,3,4,0,Ýstanbul - Esenyurt - Mehterçeþme Mahallesi
1275000,115,105,3,4,1,Ýstanbul - Esenyurt - Güzelyurt Mahallesi
799999,115,105,3,4,0,Ýstanbul - Esenyurt - Ýnönü Mahallesi
3999999,195,180,3.5,22,7.5,Ýstanbul - Esenyurt - Baðlarçeþme Mahallesi
1040000,60,45,,42,4,Ýstanbul - Esenyurt - Zafer Mahallesi
2199000,200,180,6,5,7.5,Ýstanbul - Esenyurt - Atatürk Mahallesi
1690000,140,130,4,6,7.5,Ýstanbul - Esenyurt - Sultaniye Mahallesi
1050000,100,95,3,6,7.5,Ýstanbul - Esenyurt - Ýstiklal Mahallesi
4900000,150,148,4,20,7.5,Ýstanbul - Esenyurt - Yeþilkent Mahallesi
1050000,95,85,3,6,7.5,Ýstanbul - Esenyurt - Atatürk Mahallesi
1500000,90,80,3,4,7.5,Ýstanbul - Esenyurt - Ýnönü Mahallesi
2050000,135,110,4,4,13.5,Ýstanbul - Esenyurt - Saadetdere Mahallesi
1200000,110,100,3,5,3,Ýstanbul - Esenyurt - Cumhuriyet Mahallesi
1790000,130,120,3,10,4,Ýstanbul - Esenyurt - Cumhuriyet Mahallesi
1675000,115,100,3,4,4,Ýstanbul - Esenyurt - Mehterçeþme Mahallesi
1570000,120,100,3,4,4,Ýstanbul - Esenyurt - Mehterçeþme Mahallesi
1550000,140,130,4,3,4,Ýstanbul - Esenyurt - Üçevler Mahallesi
1550000,110,100,3,4,4,Ýstanbul - Esenyurt - Balýkyolu Mahallesi
1450000,115,110,3,4,4,Ýstanbul - Esenyurt - Mehterçeþme Mahallesi
1149000,110,100,3,4,4,Ýstanbul - Esenyurt - Cumhuriyet Mahallesi
949000,80,75,2,4,4,Ýstanbul - Esenyurt - Cumhuriyet Mahallesi
900000,90,80,3,3,3,Ýstanbul - Esenyurt - Cumhuriyet Mahallesi
839000,100,95,3,4,7.5,Ýstanbul - Esenyurt - Yenikent Mahallesi
1475000,90,80,2,12,4,Ýstanbul - Esenyurt - Cumhuriyet Mahallesi
1300000,125,110,3,4,7.5,Ýstanbul - Esenyurt - Ýstiklal Mahallesi
1290000,120,100,3,4,4,Ýstanbul - Esenyurt - Ýstiklal Mahallesi
1200000,140,130,3,5,7.5,Ýstanbul - Esenyurt - Pýnar Mahallesi
1150000,100,85,3,4,7.5,Ýstanbul - Esenyurt - Üçevler Mahallesi
1459000,115,95,3,5,4,Ýstanbul - Esenyurt - Cumhuriyet Mahallesi
4500000,146,140,4,8,13.5,Ýstanbul - Esenyurt - Cumhuriyet Mahallesi
1360000,95,80,3,5,1,Ýstanbul - Esenyurt - Pýnar Mahallesi
1700000,150,140,4,4,0,Ýstanbul - Esenyurt - Güzelyurt Mahallesi
1500000,120,100,3,5,3,Ýstanbul - Esenyurt - Battalgazi Mahallesi
1188000,120,110,3,4,4,Ýstanbul - Esenyurt - Örnek Mahallesi
635000,90,80,3,5,3,Ýstanbul - Esenyurt - Talatpaþa Mahallesi
1690000,140,130,4,6,4,Ýstanbul - Esenyurt - Sultaniye Mahallesi
885000,95,85,3,6,7.5,Ýstanbul - Esenyurt - Yenikent Mahallesi
1785000,125,120,3,4,3,Ýstanbul - Esenyurt - Güzelyurt Mahallesi
1450000,110,100,3,5,7.5,Ýstanbul - Esenyurt - Ýncirtepe Mahallesi
1890000,100,90,3,5,0,Ýstanbul - Esenyurt - Yunus Emre Mahallesi
1349000,120,115,3,4,3,Ýstanbul - Esenyurt - Güzelyurt Mahallesi
1800000,110,100,3,17,4,Ýstanbul - Esenyurt - Akevler Mahallesi
1550000,160,140,5,6,0,Ýstanbul - Esenyurt - Ardýçlý Mahallesi
1275000,125,120,3,4,3,Ýstanbul - Esenyurt - Akevler Mahallesi
1820000,120,115,3,4,0,Ýstanbul - Esenyurt - Yeþilkent Mahallesi
1300000,100,90,3,5,4,Ýstanbul - Esenyurt - Güzelyurt Mahallesi
1805000,130,120,4,5,7.5,Ýstanbul - Esenyurt - Güzelyurt Mahallesi
875000,110,105,3,4,3,Ýstanbul - Esenyurt - Mehterçeþme Mahallesi
775000,125,115,3,4,0,Ýstanbul - Esenyurt - Pýnar Mahallesi
899000,115,110,3,4,1,Ýstanbul - Esenyurt - Baðlarçeþme Mahallesi
1200000,120,110,3,4,0,Ýstanbul - Esenyurt - Mehterçeþme Mahallesi
1275000,100,90,3,5,7.5,Ýstanbul - Esenyurt - Süleymaniye Mahallesi
1750000,125,120,3,15,3,Ýstanbul - Esenyurt - Cumhuriyet Mahallesi
1185000,125,120,3,4,3,Ýstanbul - Esenyurt - Çýnar Mahallesi
2100000,100,90,4,4,7.5,Ýstanbul - Esenyurt - Güzelyurt Mahallesi
1724999,120,115,3,4,7.5,Ýstanbul - Esenyurt - Güzelyurt Mahallesi
1465000,110,100,3,31,7.5,Ýstanbul - Esenyurt - Akevler Mahallesi
1335000,120,115,3,4,0,Ýstanbul - Esenyurt - Talatpaþa Mahallesi
1327000,120,115,3,4,0,Ýstanbul - Esenyurt - Talatpaþa Mahallesi
994999,115,110,3,4,0,Ýstanbul - Esenyurt - Güzelyurt Mahallesi
714999,110,100,3,4,1,Ýstanbul - Esenyurt - Örnek Mahallesi
1720000,110,100,3,4,4,Ýstanbul - Esenyurt - Güzelyurt Mahallesi
1100000,120,115,3,4,3,Ýstanbul - Esenyurt - Çýnar Mahallesi
1700000,110,100,3,4,4,Ýstanbul - Esenyurt - Güzelyurt Mahallesi
1900000,110,95,3,4,3,Ýstanbul - Esenyurt - Güzelyurt Mahallesi
1600000,120,110,3,20,7.5,Ýstanbul - Esenyurt - Necip Fazýl Kýsakürek Mahallesi
1120000,90,80,3,5,1,Ýstanbul - Esenyurt - Yunus Emre Mahallesi
975850,100,95,3,6,4,Ýstanbul - Esenyurt - Pýnar Mahallesi
1410000,110,100,3,5,7.5,Ýstanbul - Esenyurt - Ýncirtepe Mahallesi
1150000,120,110,3,4,1,Ýstanbul - Esenyurt - Þehitler Mahallesi
1350000,105,95,3,5,4,Ýstanbul - Esenyurt - Talatpaþa Mahallesi
975000,110,100,3,4,0,Ýstanbul - Esenyurt - Baðlarçeþme Mahallesi
1899000,140,130,4,5,7.5,Ýstanbul - Esenyurt - Hürriyet Mahallesi
999999,130,120,4,5,0,Ýstanbul - Esenyurt - Cumhuriyet Mahallesi
1450000,100,85,3,18,7.5,Ýstanbul - Esenyurt - Piri Reis Mahallesi
2150000,120,110,4,5,7.5,Ýstanbul - Esenyurt - Mehterçeþme Mahallesi
2000000,145,135,4,5,0,Ýstanbul - Esenyurt - Mehterçeþme Mahallesi
1275000,100,90,3,5,7.5,Ýstanbul - Esenyurt - Akçaburgaz Mahallesi
1750000,120,105,3,6,7.5,Ýstanbul - Esenyurt - Selahaddin Eyyubi Mahallesi
1289000,105,100,3,4,7.5,Ýstanbul - Esenyurt - Atatürk Mahallesi
1400000,120,107,3,5,7.5,Ýstanbul - Esenyurt - Mevlana Mahallesi
1725000,125,120,3,4,3,Ýstanbul - Esenyurt - Cumhuriyet Mahallesi
1585000,120,115,3,4,3,Ýstanbul - Esenyurt - Güzelyurt Mahallesi
1175000,115,100,3,4,3,Ýstanbul - Esenyurt - Güzelyurt Mahallesi
1380000,135,120,4,5,1,Ýstanbul - Esenyurt - Ýstiklal Mahallesi
1825000,115,110,3,4,0,Ýstanbul - Esenyurt - Güzelyurt Mahallesi
1339000,120,110,3,5,7.5,Ýstanbul - Esenyurt - Hürriyet Mahallesi
1335000,120,115,3,4,0,Ýstanbul - Esenyurt - Talatpaþa Mahallesi
1339000,120,110,3,5,7.5,Ýstanbul - Esenyurt - Hürriyet Mahallesi
1335000,120,115,3,4,0,Ýstanbul - Esenyurt - Talatpaþa Mahallesi
4400000,171,135,4,17,7.5,Ýstanbul - Esenyurt - Zafer Mahallesi
2350000,220,180,6,5,4,Ýstanbul - Esenyurt - Barbaros Hayrettin Paþa Mahallesi
698750,90,75,3,6,3,Ýstanbul - Esenyurt - Baðlarçeþme Mahallesi
699999,95,78,3,5,7.5,Ýstanbul - Esenyurt - Çýnar Mahallesi
4950000,140,130,4,21,4,Ýstanbul - Esenyurt - Barbaros Hayrettin Paþa Mahallesi
1399000,100,90,3,5,3,Ýstanbul - Esenyurt - Talatpaþa Mahallesi
1445000,100,90,3,5,7.5,Ýstanbul - Esenyurt - Üçevler Mahallesi
1495000,95,85,3,5,7.5,Ýstanbul - Esenyurt - Mehterçeþme Mahallesi
1490000,90,80,3,5,7.5,Ýstanbul - Esenyurt - Mehterçeþme Mahallesi
1100000,110,90,3,6,7.5,Ýstanbul - Esenyurt - Baðlarçeþme Mahallesi
2000000,110,100,3,13,21,Ýstanbul - Esenyurt - Cumhuriyet Mahallesi
1200000,80,70,3,5,7.5,Ýstanbul - Esenyurt - Saadetdere Mahallesi
880000,120,105,3,1,13.5,Ýstanbul - Esenyurt - Talatpaþa Mahallesi
22000000,650,600,10,3,0,Ýstanbul - Esenyurt - Talatpaþa Mahallesi
1000000,160,150,4,5,4,Ýstanbul - Esenyurt - Talatpaþa Mahallesi
1499000,110,100,3,20,7.5,Ýstanbul - Esenyurt - Yeþilkent Mahallesi
1499000,110,100,3,7,7.5,Ýstanbul - Esenyurt - Mehmet Akif Ersoy Mahallesi
1399000,110,100,3,6,3,Ýstanbul - Esenyurt - Üçevler Mahallesi
1000000,70,65,2,5,7.5,Ýstanbul - Esenyurt - Talatpaþa Mahallesi
900000,75,70,3,5,7.5,Ýstanbul - Esenyurt - Talatpaþa Mahallesi
1850000,120,100,3,4,3,Ýstanbul - Esenyurt - Mehterçeþme Mahallesi
1399000,110,100,3,6,4,Ýstanbul - Esenyurt - Üçevler Mahallesi
1299000,110,100,3,5,7.5,Ýstanbul - Esenyurt - Talatpaþa Mahallesi
1499000,120,110,3,7,3,Ýstanbul - Esenyurt - Süleymaniye Mahallesi
750000,76,65,2,12,7.5,Ýstanbul - Esenyurt - Talatpaþa Mahallesi
1520000,100,90,3,4,4,Ýstanbul - Esenyurt - Güzelyurt Mahallesi
1360000,100,90,3,4,0,Ýstanbul - Esenyurt - Ýnönü Mahallesi
930000,90,80,3,5,7.5,Ýstanbul - Esenyurt - Güzelyurt Mahallesi
1455000,105,95,3,5,0,Ýstanbul - Esenyurt - Ardýçlý Mahallesi
2390000,165,150,5,5,7.5,Ýstanbul - Esenyurt - Ýncirtepe Mahallesi
1050000,75,62,2,4,3,Ýstanbul - Esenyurt - Mehterçeþme Mahallesi
1450000,80,70,2,12,7.5,Ýstanbul - Esenyurt - Cumhuriyet Mahallesi
1299000,100,90,3,4,3,Ýstanbul - Esenyurt - Güzelyurt Mahallesi
1559000,105,95,3,5,0,Ýstanbul - Esenyurt - Güzelyurt Mahallesi
1580000,110,100,3,24,7.5,Ýstanbul - Esenyurt - Necip Fazýl Kýsakürek Mahallesi
1900000,135,115,3,22,7.5,Ýstanbul - Esenyurt - Yeþilkent Mahallesi
699999,110,100,3,6,2,Ýstanbul - Esenyurt - Süleymaniye Mahallesi
1150000,110,100,3,5,7.5,Ýstanbul - Esenyurt - Fatih Mahallesi
1699000,115,105,3,6,4,Ýstanbul - Esenyurt - Mehmet Akif Ersoy Mahallesi
1350000,120,110,3,5,4,Ýstanbul - Esenyurt - Þehitler Mahallesi
1230000,57,50,2,25,7.5,Ýstanbul - Esenyurt - Yeþilkent Mahallesi
1655000,92,82,3,27,7.5,Ýstanbul - Esenyurt - Yeþilkent Mahallesi
1210000,64,60,2,25,7.5,Ýstanbul - Esenyurt - Yeþilkent Mahallesi
1600000,80,70,2,20,7.5,Ýstanbul - Esenyurt - Piri Reis Mahallesi
1200000,45,40,2,27,7.5,Ýstanbul - Esenyurt - Yeþilkent Mahallesi
2075000,105,100,2.5,18,7.5,Ýstanbul - Esenyurt - Cumhuriyet Mahallesi
999999,33,30,,27,7.5,Ýstanbul - Esenyurt - Yeþilkent Mahallesi
1300000,140,125,3,24,7.5,Ýstanbul - Esenyurt - Yeþilkent Mahallesi
2599000,108,105,3,18,7.5,Ýstanbul - Esenyurt - Cumhuriyet Mahallesi
1700000,72,71,2,24,2,Ýstanbul - Esenyurt - Yeþilkent Mahallesi
1500000,140,125,3,24,7.5,Ýstanbul - Esenyurt - Yeþilkent Mahallesi
2275000,181,180,6,5,7.5,Ýstanbul - Esenyurt - Zafer Mahallesi
1795000,105,95,3,6,0,Ýstanbul - Esenyurt - Ardýçlý Mahallesi
2700000,140,125,4,20,7.5,Ýstanbul - Esenyurt - Güzelyurt Mahallesi
1399000,100,90,3,6,4,Ýstanbul - Esenyurt - Sultaniye Mahallesi
1990000,120,95,3,5,0,Ýstanbul - Esenyurt - Mehmet Akif Ersoy Mahallesi
1650000,110,95,3,5,0,Ýstanbul - Esenyurt - Pýnar Mahallesi
1187000,115,100,3,4,1,Ýstanbul - Esenyurt - Güzelyurt Mahallesi
1100000,80,75,2,6,4,Ýstanbul - Esenyurt - Baðlarçeþme Mahallesi
1750000,145,135,4,14,7.5,Ýstanbul - Esenyurt - Piri Reis Mahallesi
899000,95,85,2,4,1,Ýstanbul - Esenyurt - Örnek Mahallesi
1100000,115,105,3,4,0,Ýstanbul - Esenyurt - Örnek Mahallesi
1990000,110,100,4,6,4,Ýstanbul - Esenyurt - Mehterçeþme Mahallesi
1699000,100,90,3,6,4,Ýstanbul - Esenyurt - Mehterçeþme Mahallesi
1499000,110,100,3,6,4,Ýstanbul - Esenyurt - Mehterçeþme Mahallesi
1799000,110,100,3,7,4,Ýstanbul - Esenyurt - Mehterçeþme Mahallesi
1199999,110,95,2,4,3,Ýstanbul - Esenyurt - Güzelyurt Mahallesi
1850000,100,80,3,5,13.5,Ýstanbul - Esenyurt - Talatpaþa Mahallesi
1550000,140,125,4,5,0,Ýstanbul - Esenyurt - Mehterçeþme Mahallesi
1659000,110,100,3,6,4,Ýstanbul - Esenyurt - Mehterçeþme Mahallesi
1129000,120,100,3,5,1,Ýstanbul - Esenyurt - Talatpaþa Mahallesi
1745000,100,90,3,22,7.5,Ýstanbul - Esenyurt - Güzelyurt Mahallesi
1175000,120,110,3,4,1,Ýstanbul - Esenyurt - Örnek Mahallesi
1150000,90,85,3,6,4,Ýstanbul - Esenyurt - Pýnar Mahallesi
1595000,140,130,4,5,4,Ýstanbul - Esenyurt - Çýnar Mahallesi
1645000,110,100,3,18,7.5,Ýstanbul - Esenyurt - Yeþilkent Mahallesi
1700000,125,120,4,5,4,Ýstanbul - Esenyurt - Üçevler Mahallesi
1450000,90,80,3,6,3,Ýstanbul - Esenyurt - Pýnar Mahallesi
1135000,55,50,2,24,13.5,Ýstanbul - Esenyurt - Yeþilkent Mahallesi
895000,115,105,3,4,0,Ýstanbul - Esenyurt - Pýnar Mahallesi
1650000,145,130,4,14,7.5,Ýstanbul - Esenyurt - Piri Reis Mahallesi
2250000,135,115,4,4,7.5,Ýstanbul - Esenyurt - Mehterçeþme Mahallesi
945000,90,85,3,4,7.5,Ýstanbul - Esenyurt - Ardýçlý Mahallesi
990000,100,95,3,6,1,Ýstanbul - Esenyurt - Cumhuriyet Mahallesi
1725000,125,115,3,4,0,Ýstanbul - Esenyurt - Cumhuriyet Mahallesi
600000,90,85,3,5,7.5,Ýstanbul - Esenyurt - Çýnar Mahallesi
1090000,130,120,4,6,0,Ýstanbul - Esenyurt - Cumhuriyet Mahallesi
900000,95,90,3,4,4,Ýstanbul - Esenyurt - Mehterçeþme Mahallesi
1650000,105,100,3,6,4,Ýstanbul - Esenyurt - Mehterçeþme Mahallesi
1320000,95,90,3,4,0,Ýstanbul - Esenyurt - Fatih Mahallesi
1365000,100,96,3,4,4,Ýstanbul - Esenyurt - Talatpaþa Mahallesi
625000,110,100,3,4,1,Ýstanbul - Esenyurt - Güzelyurt Mahallesi
880000,138,101,3,28,0,Ýstanbul - Esenyurt - Koza Mahallesi
1950000,155,145,4,4,4,Ýstanbul - Esenyurt - Osmangazi Mahallesi
4000000,180,167,4,17,7.5,Ýstanbul - Esenyurt - Zafer Mahallesi
1599000,145,140,4,4,4,Ýstanbul - Esenyurt - Pýnar Mahallesi
1199000,90,80,2,6,3,Ýstanbul - Esenyurt - Güzelyurt Mahallesi
615000,110,100,3,4,7.5,Ýstanbul - Esenyurt - Üçevler Mahallesi
1965000,127,105,4,25,7.5,Ýstanbul - Esenyurt - Yeþilkent Mahallesi
2800000,115,100,3,10,7.5,Ýstanbul - Esenyurt - Barbaros Hayrettin Paþa Mahallesi
1230000,125,110,3,5,2,Ýstanbul - Esenyurt - Necip Fazýl Kýsakürek Mahallesi
698000,120,110,3,6,7.5,Ýstanbul - Esenyurt - Cumhuriyet Mahallesi
1690000,90,80,3,6,7.5,Ýstanbul - Esenyurt - Mehmet Akif Ersoy Mahallesi
1500000,90,80,3,6,4,Ýstanbul - Esenyurt - Barbaros Hayrettin Paþa Mahallesi
2000000,140,130,4,10,7.5,Ýstanbul - Esenyurt - Pýnar Mahallesi
2500000,90,80,3,6,18.5,Ýstanbul - Esenyurt - Esenkent Mahallesi
1325000,75,55,2,30,0,Ýstanbul - Esenyurt - Fatih Mahallesi
1590000,130,120,4,4,7.5,Ýstanbul - Esenyurt - Akþemseddin Mahallesi
2300000,145,140,4,5,2,Ýstanbul - Esenyurt - Talatpaþa Mahallesi
1500000,130,120,5,5,0,Ýstanbul - Esenyurt - Ardýçlý Mahallesi
1395000,180,150,3,25,13.5,Ýstanbul - Esenyurt - Yeþilkent Mahallesi
1699000,120,110,3,15,0,Ýstanbul - Esenyurt - Yeþilkent Mahallesi
2250000,110,95,3,9,7.5,Ýstanbul - Esenyurt - Orhan Gazi Mahallesi
1499000,95,80,3,6,4,Ýstanbul - Esenyurt - Mehmet Akif Ersoy Mahallesi
1550000,90,80,2,5,0,Ýstanbul - Esenyurt - Cumhuriyet Mahallesi
819000,120,100,3,6,3,Ýstanbul - Esenyurt - Orhan Gazi Mahallesi
1350000,120,110,3,5,0,Ýstanbul - Esenyurt - Baðlarçeþme Mahallesi
1299000,95,85,3,6,4,Ýstanbul - Esenyurt - Mehmet Akif Ersoy Mahallesi
1350000,110,95,3,6,7.5,Ýstanbul - Esenyurt - Üçevler Mahallesi
879000,90,80,3,6,4,Ýstanbul - Esenyurt - Necip Fazýl Kýsakürek Mahallesi
1300000,64,58,2,26,7.5,Ýstanbul - Esenyurt - Yeþilkent Mahallesi
1285000,64,60,2,24,7.5,Ýstanbul - Esenyurt - Yeþilkent Mahallesi
1251000,68,67,2,24,7.5,Ýstanbul - Esenyurt - Yeþilkent Mahallesi
1785000,102,101,3,25,4,Ýstanbul - Esenyurt - Yeþilkent Mahallesi
1185000,64,60,2,25,7.5,Ýstanbul - Esenyurt - Yeþilkent Mahallesi
1160000,61,55,2,24,7.5,Ýstanbul - Esenyurt - Yeþilkent Mahallesi
1499999,110,100,3,24,4,Ýstanbul - Esenyurt - Yeþilkent Mahallesi
1139000,45,40,2,27,7.5,Ýstanbul - Esenyurt - Yeþilkent Mahallesi
2250000,116,85,3,16,2,Ýstanbul - Esenyurt - Yeþilkent Mahallesi
1815000,145,140,4,5,2,Ýstanbul - Esenyurt - Cumhuriyet Mahallesi
1700000,110,100,3,4,3,Ýstanbul - Esenyurt - Mehterçeþme Mahallesi
1500000,110,95,3,4,0,Ýstanbul - Esenyurt - Süleymaniye Mahallesi
1700000,110,100,3,4,0,Ýstanbul - Esenyurt - Üçevler Mahallesi
1455000,110,95,3,6,0,Ýstanbul - Esenyurt - Ardýçlý Mahallesi
1499000,95,80,3,7,7.5,Ýstanbul - Esenyurt - Ardýçlý Mahallesi
1750000,110,100,3,4,0,Ýstanbul - Esenyurt - Üçevler Mahallesi
879000,110,100,3,5,0,Ýstanbul - Esenyurt - Üçevler Mahallesi
1135000,110,100,3,5,0,Ýstanbul - Esenyurt - Üçevler Mahallesi
1100000,90,80,3,5,4,Ýstanbul - Esenyurt - Orhan Gazi Mahallesi
910000,100,90,3,5,7.5,Ýstanbul - Esenyurt - Zafer Mahallesi
1150000,125,115,4,5,4,Ýstanbul - Esenyurt - Süleymaniye Mahallesi
790000,110,100,3,5,3,Ýstanbul - Esenyurt - Baðlarçeþme Mahallesi
1485000,115,92,3,5,2,Ýstanbul - Esenyurt - Mehterçeþme Mahallesi
1620000,95,90,3,5,0,Ýstanbul - Esenyurt - Güzelyurt Mahallesi
899000,80,75,3,4,4,Ýstanbul - Esenyurt - Çýnar Mahallesi
1350000,110,100,3,5,0,Ýstanbul - Esenyurt - Güzelyurt Mahallesi
1500000,100,90,3,5,0,Ýstanbul - Esenyurt - Güzelyurt Mahallesi
875000,90,85,3,4,0,Ýstanbul - Esenyurt - Üçevler Mahallesi
1300000,120,100,3,18,4,Ýstanbul - Esenyurt - Piri Reis Mahallesi
1249000,120,110,4,6,7.5,Ýstanbul - Esenyurt - Yeþilkent Mahallesi
815000,100,90,3,4,0,Ýstanbul - Esenyurt - Saadetdere Mahallesi
850000,95,80,3,4,7.5,Ýstanbul - Esenyurt - Üçevler Mahallesi
785000,100,80,3,5,7.5,Ýstanbul - Esenyurt - Üçevler Mahallesi
1950000,90,88,3,6,7.5,Ýstanbul - Esenyurt - Mehterçeþme Mahallesi
735000,80,70,2,4,0,Ýstanbul - Esenyurt - Ardýçlý Mahallesi
1130000,120,105,3,6,2,Ýstanbul - Esenyurt - Çýnar Mahallesi
1470000,100,85,3,30,7.5,Ýstanbul - Esenyurt - Yeþilkent Mahallesi
735000,115,105,3,4,3,Ýstanbul - Esenyurt - Mehterçeþme Mahallesi
899900,135,120,4,5,0,Ýstanbul - Esenyurt - Cumhuriyet Mahallesi
970000,90,70,2,18,4,Ýstanbul - Esenyurt - Piri Reis Mahallesi
972000,110,100,3,5,7.5,Ýstanbul - Esenyurt - Ardýçlý Mahallesi
1240000,125,110,3,5,2,Ýstanbul - Esenyurt - Baðlarçeþme Mahallesi
785000,120,110,3,4,0,Ýstanbul - Esenyurt - Üçevler Mahallesi
1250000,100,90,3,5,7.5,Ýstanbul - Esenyurt - Baðlarçeþme Mahallesi
970000,130,105,3,30,4,Ýstanbul - Esenyurt - Cumhuriyet Mahallesi
975000,95,80,2,25,7.5,Ýstanbul - Esenyurt - Pýnar Mahallesi
875000,100,90,3,6,7.5,Ýstanbul - Esenyurt - Süleymaniye Mahallesi
1900000,90,85,3,10,4,Ýstanbul - Esenyurt - Cumhuriyet Mahallesi
1198000,115,105,3,4,2,Ýstanbul - Esenyurt - Mehmet Akif Ersoy Mahallesi
799000,100,90,3,6,7.5,Ýstanbul - Esenyurt - Pýnar Mahallesi
1399000,120,100,3,6,7.5,Ýstanbul - Esenyurt - Mehmet Akif Ersoy Mahallesi
1799000,135,120,3,4,7.5,Ýstanbul - Esenyurt - Cumhuriyet Mahallesi
1415000,125,100,3,4,7.5,Ýstanbul - Esenyurt - Mehmet Akif Ersoy Mahallesi
950000,110,100,3,6,7.5,Ýstanbul - Esenyurt - Süleymaniye Mahallesi
960000,110,95,3,6,0,Ýstanbul - Esenyurt - Yenikent Mahallesi
3250000,150,140,4,6,0,Ýstanbul - Esenyurt - Ýncirtepe Mahallesi
1295000,100,90,3,5,7.5,Ýstanbul - Esenyurt - Çýnar Mahallesi
1250000,90,70,2,31,4,Ýstanbul - Esenyurt - Akevler Mahallesi
1250000,90,70,2,31,4,Ýstanbul - Esenyurt - Akevler Mahallesi
2190000,160,140,4,18,4,Ýstanbul - Esenyurt - Mehmet Akif Ersoy Mahallesi
1850000,160,150,4,6,7.5,Ýstanbul - Esenyurt - Baðlarçeþme Mahallesi
1405000,100,90,3,5,0,Ýstanbul - Esenyurt - Güzelyurt Mahallesi
4600000,210,207,4,18,7.5,Ýstanbul - Esenyurt - Cumhuriyet Mahallesi
3950000,125,110,3,10,7.5,Ýstanbul - Esenyurt - Cumhuriyet Mahallesi
1450000,110,100,3,6,2,Ýstanbul - Esenyurt - Güzelyurt Mahallesi
1245000,110,100,3,6,3,Ýstanbul - Esenyurt - Üçevler Mahallesi
5700000,145,120,4,30,0,Ýstanbul - Esenyurt - Akevler Mahallesi
4750000,120,90,3,30,0,Ýstanbul - Esenyurt - Akevler Mahallesi
1275000,100,90,3,24,7.5,Ýstanbul - Esenyurt - Pýnar Mahallesi
1750000,200,190,5,5,13.5,Ýstanbul - Esenyurt - Osmangazi Mahallesi
1390000,90,80,3,5,7.5,Ýstanbul - Esenyurt - Üçevler Mahallesi
1450000,120,110,3,5,13.5,Ýstanbul - Esenyurt - Mehterçeþme Mahallesi
2250000,120,100,3,5,7.5,Ýstanbul - Esenyurt - Zafer Mahallesi
1750000,65,50,,30,7.5,Ýstanbul - Esenyurt - Cumhuriyet Mahallesi
1390000,92,88,3,6,4,Ýstanbul - Esenyurt - Mehmet Akif Ersoy Mahallesi
2050000,147,135,4,5,13.5,Ýstanbul - Esenyurt - Saadetdere Mahallesi
890000,90,85,3,6,7.5,Ýstanbul - Esenyurt - Süleymaniye Mahallesi
1495000,112,85,3,5,4,Ýstanbul - Esenyurt - Barbaros Hayrettin Paþa Mahallesi
1135000,115,110,3,4,4,Ýstanbul - Esenyurt - Ýstiklal Mahallesi
1100000,75,60,3,5,1,Ýstanbul - Esenyurt - Mehmet Akif Ersoy Mahallesi
800000,95,80,3,5,7.5,Ýstanbul - Esenyurt - Talatpaþa Mahallesi
1399000,110,100,3,4,3,Ýstanbul - Esenyurt - Mehmet Akif Ersoy Mahallesi
725000,95,85,3,5,2,Ýstanbul - Esenyurt - Ýncirtepe Mahallesi
1500000,110,100,3,4,0,Ýstanbul - Esenyurt - Talatpaþa Mahallesi
1219000,90,85,3,5,4,Ýstanbul - Esenyurt - Hürriyet Mahallesi
1239000,120,110,3,5,7.5,Ýstanbul - Esenyurt - Osmangazi Mahallesi
1169000,100,90,3,5,7.5,Ýstanbul - Esenyurt - Battalgazi Mahallesi
1139000,110,100,3,5,7.5,Ýstanbul - Esenyurt - Çýnar Mahallesi
1249000,100,90,3,5,7.5,Ýstanbul - Esenyurt - Osmangazi Mahallesi
959000,135,125,4,5,4,Ýstanbul - Esenyurt - Ýstiklal Mahallesi
12250000,409,175,4.5,7,2,Ýstanbul - Esenyurt - Ardýçlý Mahallesi
1160000,110,100,3,6,4,Ýstanbul - Esenyurt - Mehterçeþme Mahallesi
1050000,110,100,3,6,4,Ýstanbul - Esenyurt - Yenikent Mahallesi
1380000,80,70,3,4,4,Ýstanbul - Esenyurt - Mehterçeþme Mahallesi
1175000,110,100,3,5,7.5,Ýstanbul - Esenyurt - Talatpaþa Mahallesi
1350000,110,100,3,5,4,Ýstanbul - Esenyurt - Þehitler Mahallesi
7650000,170,130,4,17,7.5,Ýstanbul - Esenyurt - Zafer Mahallesi
3000000,90,80,3,3,3,Ýstanbul - Esenyurt - Baðlarçeþme Mahallesi
1685000,125,115,3,4,1,Ýstanbul - Esenyurt - Güzelyurt Mahallesi
1165000,115,105,3,4,0,Ýstanbul - Esenyurt - Ýnönü Mahallesi
2940000,110,100,3,30,7.5,Ýstanbul - Esenyurt - Zafer Mahallesi
2690000,180,160,6,4,7.5,Ýstanbul - Esenyurt - Güzelyurt Mahallesi
1100000,35,25,,15,7.5,Ýstanbul - Esenyurt - Zafer Mahallesi
1750000,110,95,3,5,4,Ýstanbul - Esenyurt - Güzelyurt Mahallesi
1290000,110,100,4,4,7.5,Ýstanbul - Esenyurt - Orhan Gazi Mahallesi
1385000,70,65,2,13,7.5,Ýstanbul - Esenyurt - Zafer Mahallesi
1295000,125,115,3,4,0,Ýstanbul - Esenyurt - Ardýçlý Mahallesi
1339000,110,100,3,4,0,Ýstanbul - Esenyurt - Baðlarçeþme Mahallesi
1749000,110,95,3,5,0,Ýstanbul - Esenyurt - Ýncirtepe Mahallesi
3850000,165,142,4,6,7.5,Ýstanbul - Esenyurt - Barbaros Hayrettin Paþa Mahallesi
1120000,100,90,3,5,7.5,Ýstanbul - Esenyurt - Çýnar Mahallesi
1149000,100,95,3,5,1,Ýstanbul - Esenyurt - Selahaddin Eyyubi Mahallesi
1148000,120,110,3,5,1,Ýstanbul - Esenyurt - Selahaddin Eyyubi Mahallesi
999000,115,100,3,5,2,Ýstanbul - Esenyurt - Yeþilkent Mahallesi
2365000,100,90,3,4,0,Ýstanbul - Esenyurt - Baðlarçeþme Mahallesi
1899000,110,90,3,4,4,Ýstanbul - Esenyurt - Mehmet Akif Ersoy Mahallesi
1199000,80,75,2,20,7.5,Ýstanbul - Esenyurt - Yeþilkent Mahallesi
1199999,110,88,3,5,4,Ýstanbul - Esenyurt - Fatih Mahallesi
1050000,105,95,3,6,4,Ýstanbul - Esenyurt - Çýnar Mahallesi
2600000,165,150,4,5,7.5,Ýstanbul - Esenyurt - Fatih Mahallesi
1670000,130,115,4,4,0,Ýstanbul - Esenyurt - Üçevler Mahallesi
690000,110,95,3,5,7.5,Ýstanbul - Esenyurt - Pýnar Mahallesi
755000,105,95,3,6,4,Ýstanbul - Esenyurt - Baðlarçeþme Mahallesi
1185000,110,100,3,6,4,Ýstanbul - Esenyurt - Selahaddin Eyyubi Mahallesi
989000,100,95,3,5,3,Ýstanbul - Esenyurt - Cumhuriyet Mahallesi
890000,120,105,3,5,3,Ýstanbul - Esenyurt - Mehterçeþme Mahallesi
830000,100,95,3,3,3,Ýstanbul - Esenyurt - Cumhuriyet Mahallesi
1385000,90,70,2,16,7.5,Ýstanbul - Esenyurt - Piri Reis Mahallesi
1350000,130,120,4,5,4,Ýstanbul - Esenyurt - Barbaros Hayrettin Paþa Mahallesi
1270000,135,120,4,5,2,Ýstanbul - Esenyurt - Yenikent Mahallesi
1150000,90,80,3,5,7.5,Ýstanbul - Esenyurt - Mehmet Akif Ersoy Mahallesi
789000,115,105,3,4,1,Ýstanbul - Esenyurt - Güzelyurt Mahallesi
1049000,100,90,3,5,0,Ýstanbul - Esenyurt - Cumhuriyet Mahallesi
1125000,125,115,3,5,1,Ýstanbul - Esenyurt - Talatpaþa Mahallesi
1348999,110,100,3,4,0,Ýstanbul - Esenyurt - Baðlarçeþme Mahallesi
1299999,120,110,3,6,4,Ýstanbul - Esenyurt - Talatpaþa Mahallesi
1190000,110,105,3,5,4,Ýstanbul - Esenyurt - Üçevler Mahallesi
1400000,85,70,2,4,4,Ýstanbul - Esenyurt - Ardýçlý Mahallesi
3000000,130,105,4,5,7.5,Ýstanbul - Esenyurt - Turgut Özal Mahallesi
1299999,100,95,3,5,4,Ýstanbul - Esenyurt - Akevler Mahallesi
1499000,110,100,3,4,0,Ýstanbul - Esenyurt - Balýkyolu Mahallesi
1200000,85,70,2,4,4,Ýstanbul - Esenyurt - Güzelyurt Mahallesi
1159000,115,85,3,5,0,Ýstanbul - Esenyurt - Üçevler Mahallesi
2030000,105,100,3,28,7.5,Ýstanbul - Esenyurt - Sultaniye Mahallesi
1375000,90,85,3,5,7.5,Ýstanbul - Esenyurt - Mehterçeþme Mahallesi
750000,100,90,3,5,0,Ýstanbul - Esenyurt - Mehterçeþme Mahallesi
750000,120,115,3,5,0,Ýstanbul - Esenyurt - Güzelyurt Mahallesi
1159000,125,110,3,5,2,Ýstanbul - Esenyurt - Talatpaþa Mahallesi
1159000,125,110,3,5,2,Ýstanbul - Esenyurt - Talatpaþa Mahallesi
1485000,70,65,2,15,7.5,Ýstanbul - Esenyurt - Baðlarçeþme Mahallesi
1425000,115,110,3,4,1,Ýstanbul - Esenyurt - Güzelyurt Mahallesi
840000,105,95,3,5,4,Ýstanbul - Esenyurt - Mehterçeþme Mahallesi
2625000,220,180,6,5,7.5,Ýstanbul - Esenyurt - Mehterçeþme Mahallesi
2400000,120,110,4,5,4,Ýstanbul - Esenyurt - Mehterçeþme Mahallesi
2000000,120,100,3,4,4,Ýstanbul - Esenyurt - Turgut Özal Mahallesi
1745000,75,65,3,9,13.5,Ýstanbul - Esenyurt - Orhan Gazi Mahallesi
1800000,110,85,3,30,3,Ýstanbul - Esenyurt - Fatih Mahallesi
795000,105,95,3,6,7.5,Ýstanbul - Esenyurt - Piri Reis Mahallesi
1675000,180,170,6,5,7.5,Ýstanbul - Esenyurt - Necip Fazýl Kýsakürek Mahallesi
1799000,140,130,4,11,7.5,Ýstanbul - Esenyurt - Çýnar Mahallesi
975000,115,105,3,4,1,Ýstanbul - Esenyurt - Pýnar Mahallesi
1250000,100,90,3,5,7.5,Ýstanbul - Esenyurt - Fatih Mahallesi
2500000,75,63,2,30,1,Ýstanbul - Esenyurt - Zafer Mahallesi
2500000,75,65,2,30,1,Ýstanbul - Esenyurt - Zafer Mahallesi
649750,105,90,3,5,3,Ýstanbul - Esenyurt - Battalgazi Mahallesi
720500,100,85,3,5,7.5,Ýstanbul - Esenyurt - Çýnar Mahallesi
1340500,120,100,3,15,7.5,Ýstanbul - Esenyurt - Mehterçeþme Mahallesi
665000,115,95,3,6,3,Ýstanbul - Esenyurt - Örnek Mahallesi
900000,85,70,2,15,0,Ýstanbul - Esenyurt - Mehterçeþme Mahallesi
789500,105,84,3,6,7.5,Ýstanbul - Esenyurt - Örnek Mahallesi
1278500,130,115,4,6,7.5,Ýstanbul - Esenyurt - Çýnar Mahallesi
1175000,90,80,3,5,13.5,Ýstanbul - Esenyurt - Pýnar Mahallesi
989000,110,100,3,5,4,Ýstanbul - Esenyurt - Yeþilkent Mahallesi
1189000,110,100,3,5,0,Ýstanbul - Esenyurt - Yeþilkent Mahallesi
1835000,100,95,3,6,4,Ýstanbul - Esenyurt - Saadetdere Mahallesi
1520000,120,110,4,5,1,Ýstanbul - Esenyurt - Mehterçeþme Mahallesi
1450000,100,90,3,5,4,Ýstanbul - Esenyurt - Güzelyurt Mahallesi
2350000,75,57,2,19,3,Ýstanbul - Esenyurt - Koza Mahallesi
1299000,90,85,3,5,7.5,Ýstanbul - Esenyurt - Atatürk Mahallesi
2550000,135,125,4,10,18.5,Ýstanbul - Esenyurt - Gökevler Mahallesi
2650000,145,135,4,11,13.5,Ýstanbul - Esenyurt - Çýnar Mahallesi
699000,120,100,3,5,7.5,Ýstanbul - Esenyurt - Ardýçlý Mahallesi
1750000,150,125,4,4,4,Ýstanbul - Esenyurt - Yenikent Mahallesi
1500000,150,120,3,4,7.5,Ýstanbul - Esenyurt - Baðlarçeþme Mahallesi
850000,70,58,,20,3,Ýstanbul - Esenyurt - Zafer Mahallesi
1210000,100,90,4,4,7.5,Ýstanbul - Esenyurt - Mehmet Akif Ersoy Mahallesi
1920000,145,135,4,11,7.5,Ýstanbul - Esenyurt - Çýnar Mahallesi
1800000,180,160,6,4,7.5,Ýstanbul - Esenyurt - Osmangazi Mahallesi
1450000,72,55,2,30,7.5,Ýstanbul - Esenyurt - Akevler Mahallesi
1750000,140,125,4,5,3,Ýstanbul - Esenyurt - Balýkyolu Mahallesi
2750000,145,130,4,30,7.5,Ýstanbul - Esenyurt - Akevler Mahallesi
1350000,60,45,2,30,3,Ýstanbul - Esenyurt - Akevler Mahallesi
1980000,64,58,2,9,2,Ýstanbul - Esenyurt - Aþýk Veysel Mahallesi
2800000,140,92,3,15,1,Ýstanbul - Esenyurt - Koza Mahallesi
2400000,90,80,3,8,18.5,Ýstanbul - Esenyurt - Aþýk Veysel Mahallesi
2750000,92,86,2,4,7.5,Ýstanbul - Esenyurt - Koza Mahallesi
1100000,120,100,3,6,0,Ýstanbul - Esenyurt - Balýkyolu Mahallesi
2550000,135,125,4,4,7.5,Ýstanbul - Esenyurt - Turgut Özal Mahallesi
980000,105,85,3,4,7.5,Ýstanbul - Esenyurt - Ýncirtepe Mahallesi
799999,90,80,3,4,7.5,Ýstanbul - Esenyurt - Hürriyet Mahallesi
2750000,143,125,3,24,4,Ýstanbul - Esenyurt - Zafer Mahallesi
2200000,86,60,2,24,4,Ýstanbul - Esenyurt - Zafer Mahallesi
1750000,75,60,2,6,0,Ýstanbul - Esenyurt - Zafer Mahallesi
2300000,125,110,3,6,1,Ýstanbul - Esenyurt - Zafer Mahallesi
2700000,115,100,3,20,7.5,Ýstanbul - Esenyurt - Zafer Mahallesi
2550000,118,98,3,13,7.5,Ýstanbul - Esenyurt - Barbaros Hayrettin Paþa Mahallesi
1150500,115,100,3,6,7.5,Ýstanbul - Esenyurt - Güzelyurt Mahallesi
1158500,110,95,3,6,3,Ýstanbul - Esenyurt - Güzelyurt Mahallesi
2549000,150,140,4,12,7.5,Ýstanbul - Esenyurt - Saadetdere Mahallesi
1189900,100,95,3,6,4,Ýstanbul - Esenyurt - Güzelyurt Mahallesi
695000,95,85,3,6,7.5,Ýstanbul - Esenyurt - Güzelyurt Mahallesi
2500000,125,110,2,12,7.5,Ýstanbul - Esenyurt - Gökevler Mahallesi
1550000,65,50,2,4,7.5,Ýstanbul - Esenyurt - Koza Mahallesi
4800000,145,125,3,11,7.5,Ýstanbul - Esenyurt - Koza Mahallesi
1199000,115,100,3,4,4,Ýstanbul - Esenyurt - Örnek Mahallesi
1000000,105,85,3,6,7.5,Ýstanbul - Esenyurt - Çýnar Mahallesi
697500,105,84,3,6,4,Ýstanbul - Esenyurt - Çýnar Mahallesi
739000,110,100,3,5,0,Ýstanbul - Esenyurt - Yeþilkent Mahallesi
1300000,125,115,3,6,4,Ýstanbul - Esenyurt - Yenikent Mahallesi
1419000,100,90,3,5,7.5,Ýstanbul - Esenyurt - Atatürk Mahallesi
1100000,75,70,2,22,7.5,Ýstanbul - Esenyurt - Yeþilkent Mahallesi
1349000,140,100,3,30,7.5,Ýstanbul - Esenyurt - Necip Fazýl Kýsakürek Mahallesi
2300000,100,90,3,5,7.5,Ýstanbul - Esenyurt - Turgut Özal Mahallesi
3200000,155,135,4,5,13.5,Ýstanbul - Esenyurt - Cumhuriyet Mahallesi
1730000,150,135,4,17,7.5,Ýstanbul - Esenyurt - Piri Reis Mahallesi
2100000,85,65,2,10,7.5,Ýstanbul - Esenyurt - Üçevler Mahallesi
2000000,125,115,3,4,13.5,Ýstanbul - Esenyurt - Mehterçeþme Mahallesi
1350000,65,45,2,11,7.5,Ýstanbul - Esenyurt - Cumhuriyet Mahallesi
2700000,96,62,2,30,3,Ýstanbul - Esenyurt - Cumhuriyet Mahallesi
1260000,125,110,3,5,7.5,Ýstanbul - Esenyurt - Þehitler Mahallesi
1450000,90,80,3,8,7.5,Ýstanbul - Esenyurt - Mehmet Akif Ersoy Mahallesi
3600000,320,280,8,4,7.5,Ýstanbul - Esenyurt - Yenikent Mahallesi
2400000,140,130,6,4,7.5,Ýstanbul - Esenyurt - Örnek Mahallesi
1550000,130,110,3,4,7.5,Ýstanbul - Esenyurt - Zafer Mahallesi
1530000,110,105,3,5,0,Ýstanbul - Esenyurt - Üçevler Mahallesi
1550000,100,95,3,5,3,Ýstanbul - Esenyurt - Mehterçeþme Mahallesi
3450000,150,135,4,15,7.5,Ýstanbul - Esenyurt - Cumhuriyet Mahallesi
2250000,130,117,3,26,4,Ýstanbul - Esenyurt - Akevler Mahallesi
2500000,150,130,3,15,7.5,Ýstanbul - Esenyurt - Gökevler Mahallesi
1650000,75,65,2,13,7.5,Ýstanbul - Esenyurt - Zafer Mahallesi
1550000,65,55,2,13,7.5,Ýstanbul - Esenyurt - Zafer Mahallesi
3500000,130,122,4,6,18.5,Ýstanbul - Esenyurt - Esenkent Mahallesi
3250000,115,100,3,12,7.5,Ýstanbul - Esenyurt - Koza Mahallesi
2800000,115,95,3,13,7.5,Ýstanbul - Esenyurt - Koza Mahallesi
1065000,55,44,2,12,7.5,Ýstanbul - Esenyurt - Koza Mahallesi
1250000,70,60,3,5,2,Ýstanbul - Esenyurt - Baðlarçeþme Mahallesi
799999,120,110,3,5,0,Ýstanbul - Esenyurt - Zafer Mahallesi
1800000,76,65,2,24,4,Ýstanbul - Esenyurt - Zafer Mahallesi
1800000,70,50,2,26,4,Ýstanbul - Esenyurt - Zafer Mahallesi
1650000,77,65,2,13,7.5,Ýstanbul - Esenyurt - Güzelyurt Mahallesi
2960000,145,125,5,5,13.5,Ýstanbul - Esenyurt - Mehmet Akif Ersoy Mahallesi
1149000,110,95,2,30,7.5,Ýstanbul - Esenyurt - Sultaniye Mahallesi
1699000,110,100,3,5,0,Ýstanbul - Esenyurt - Üçevler Mahallesi
1175000,110,95,2,30,7.5,Ýstanbul - Esenyurt - Sultaniye Mahallesi
1099000,110,95,2,30,7.5,Ýstanbul - Esenyurt - Cumhuriyet Mahallesi
2350000,138,119,3,4,0,Ýstanbul - Esenyurt - Mehmet Akif Ersoy Mahallesi
1450000,110,100,3,4,0,Ýstanbul - Esenyurt - Üçevler Mahallesi
799000,80,70,2,4,4,Ýstanbul - Esenyurt - Baðlarçeþme Mahallesi
1360000,95,80,3,5,1,Ýstanbul - Esenyurt - Pýnar Mahallesi
2400000,120,110,4,30,13.5,Ýstanbul - Esenyurt - Yeþilkent Mahallesi
1275000,100,85,3,4,7.5,Ýstanbul - Esenyurt - Mehterçeþme Mahallesi
1090000,85,75,2,4,7.5,Ýstanbul - Esenyurt - Sultaniye Mahallesi
910000,105,100,3,5,0,Ýstanbul - Esenyurt - Turgut Özal Mahallesi
1100000,110,95,3,5,7.5,Ýstanbul - Esenyurt - Namýk Kemal Mahallesi
985000,100,80,3,5,4,Ýstanbul - Esenyurt - Güzelyurt Mahallesi
3200000,250,230,7,5,7.5,Ýstanbul - Esenyurt - Güzelyurt Mahallesi
3399000,110,90,3,9,0,Ýstanbul - Esenyurt - Güzelyurt Mahallesi
985000,100,85,3,5,0,Ýstanbul - Esenyurt - Talatpaþa Mahallesi
985000,100,85,3,5,0,Ýstanbul - Esenyurt - Talatpaþa Mahallesi
2000000,110,90,3,9,21,Ýstanbul - Esenyurt - Barbaros Hayrettin Paþa Mahallesi
1145000,100,75,3,5,0,Ýstanbul - Esenyurt - Ardýçlý Mahallesi
1710000,140,130,4,5,0,Ýstanbul - Esenyurt - Mehterçeþme Mahallesi
1030000,100,80,3,3,0,Ýstanbul - Esenyurt - Ardýçlý Mahallesi
1759000,110,94,3,4,2,Ýstanbul - Esenyurt - Güzelyurt Mahallesi
1450000,112,97,3,4,4,Ýstanbul - Esenyurt - Baðlarçeþme Mahallesi
1705000,115,110,4,5,0,Ýstanbul - Esenyurt - Mehmet Akif Ersoy Mahallesi
985000,100,90,3,5,4,Ýstanbul - Esenyurt - Ýnönü Mahallesi
1750000,130,125,4,5,0,Ýstanbul - Esenyurt - Ýnönü Mahallesi
1315000,110,100,3,5,7.5,Ýstanbul - Esenyurt - Yenikent Mahallesi
910000,90,80,3,5,0,Ýstanbul - Esenyurt - Cumhuriyet Mahallesi
1150000,110,100,3,5,7.5,Ýstanbul - Esenyurt - Sultaniye Mahallesi
985000,105,90,3,5,0,Ýstanbul - Esenyurt - Güzelyurt Mahallesi
1899999,110,100,3,5,7.5,Ýstanbul - Esenyurt - Akevler Mahallesi
999999,75,62,2,4,3,Ýstanbul - Esenyurt - Balýkyolu Mahallesi
810000,95,90,3,6,7.5,Ýstanbul - Esenyurt - Baðlarçeþme Mahallesi
1695000,130,125,4,6,7.5,Ýstanbul - Esenyurt - Çýnar Mahallesi
1265000,110,100,3,5,7.5,Ýstanbul - Esenyurt - Sultaniye Mahallesi
875000,115,100,3,6,7.5,Ýstanbul - Esenyurt - Necip Fazýl Kýsakürek Mahallesi
1250000,105,100,3,5,0,Ýstanbul - Esenyurt - Cumhuriyet Mahallesi
1530000,120,110,3,6,4,Ýstanbul - Esenyurt - Üçevler Mahallesi
1099000,110,100,3,5,13.5,Ýstanbul - Esenyurt - Selahaddin Eyyubi Mahallesi
1785000,140,130,4,5,4,Ýstanbul - Esenyurt - Balýkyolu Mahallesi
1120000,135,115,3,4,0,Ýstanbul - Esenyurt - Ýnönü Mahallesi
925000,65,60,2,22,7.5,Ýstanbul - Esenyurt - Yeþilkent Mahallesi
950000,120,110,3,5,4,Ýstanbul - Esenyurt - Çýnar Mahallesi
2650000,160,150,4,15,7.5,Ýstanbul - Esenyurt - Cumhuriyet Mahallesi
750000,125,115,4,5,0,Ýstanbul - Esenyurt - Üçevler Mahallesi
945000,75,70,2,30,7.5,Ýstanbul - Esenyurt - Yeþilkent Mahallesi
1305000,125,115,3,4,1,Ýstanbul - Esenyurt - Ardýçlý Mahallesi
1200000,110,100,3,5,7.5,Ýstanbul - Esenyurt - Necip Fazýl Kýsakürek Mahallesi
1185000,120,110,3,6,3,Ýstanbul - Esenyurt - Süleymaniye Mahallesi
1205000,70,60,2,19,7.5,Ýstanbul - Esenyurt - Yeþilkent Mahallesi
1275000,120,110,3,4,1,Ýstanbul - Esenyurt - Akevler Mahallesi
1105000,65,60,2,22,7.5,Ýstanbul - Esenyurt - Yeþilkent Mahallesi
1260000,110,90,3,3,7.5,Ýstanbul - Esenyurt - Sultaniye Mahallesi
895000,100,95,3,4,2,Ýstanbul - Esenyurt - Pýnar Mahallesi
1440000,135,130,4,6,4,Ýstanbul - Esenyurt - Balýkyolu Mahallesi
1990000,135,125,4,15,7.5,Ýstanbul - Esenyurt - Cumhuriyet Mahallesi
3250000,240,220,6,22,7.5,Ýstanbul - Esenyurt - Yeþilkent Mahallesi
1275000,110,100,3,22,7.5,Ýstanbul - Esenyurt - Yeþilkent Mahallesi
1250000,60,48,2,9,13.5,Ýstanbul - Esenyurt - Barbaros Hayrettin Paþa Mahallesi
860000,120,100,3,6,0,Ýstanbul - Esenyurt - Fatih Mahallesi
1500000,100,75,3,16,7.5,Ýstanbul - Esenyurt - Piri Reis Mahallesi
2050000,145,140,5,5,0,Ýstanbul - Esenyurt - Yunus Emre Mahallesi
1185000,120,110,3,4,4,Ýstanbul - Esenyurt - Ýnönü Mahallesi
1390000,70,55,2,12,7.5,Ýstanbul - Esenyurt - Barbaros Hayrettin Paþa Mahallesi
1500000,110,100,3,30,7.5,Ýstanbul - Esenyurt - Atatürk Mahallesi
1036000,120,100,3,6,0,Ýstanbul - Esenyurt - Ýnönü Mahallesi
2800000,115,100,3,7,7.5,Ýstanbul - Esenyurt - Barbaros Hayrettin Paþa Mahallesi
785000,95,85,3,6,7.5,Ýstanbul - Esenyurt - Balýkyolu Mahallesi
970000,65,50,2,26,7.5,Ýstanbul - Esenyurt - Zafer Mahallesi
1450000,100,85,3,5,7.5,Ýstanbul - Esenyurt - Zafer Mahallesi
3440000,174,155,4,15,7.5,Ýstanbul - Esenyurt - Zafer Mahallesi
1800000,90,75,2,16,4,Ýstanbul - Esenyurt - Zafer Mahallesi
1400000,80,55,2,5,7.5,Ýstanbul - Esenyurt - Mehmet Akif Ersoy Mahallesi
2650000,130,118,4,27,7.5,Ýstanbul - Esenyurt - Yeþilkent Mahallesi
1150000,130,120,4,4,0,Ýstanbul - Esenyurt - Cumhuriyet Mahallesi
1485000,100,95,3,4,7.5,Ýstanbul - Esenyurt - Mehterçeþme Mahallesi
1262000,85,72,2,13,3,Ýstanbul - Esenyurt - Piri Reis Mahallesi
1400000,115,110,3,30,4,Ýstanbul - Esenyurt - Talatpaþa Mahallesi
1279500,110,100,3,6,3,Ýstanbul - Esenyurt - Çýnar Mahallesi
1359000,110,100,3,6,3,Ýstanbul - Esenyurt - Ýnönü Mahallesi
599999,110,95,3,6,4,Ýstanbul - Esenyurt - Fatih Mahallesi
949500,140,120,4,6,2,Ýstanbul - Esenyurt - Güzelyurt Mahallesi
1245000,145,120,4,20,4,Ýstanbul - Esenyurt - Talatpaþa Mahallesi
1250000,150,120,4,18,7.5,Ýstanbul - Esenyurt - Talatpaþa Mahallesi
1425000,110,100,3,30,4,Ýstanbul - Esenyurt - Yeþilkent Mahallesi
1245000,85,70,2,14,0,Ýstanbul - Esenyurt - Güzelyurt Mahallesi
1165000,110,95,3,6,1,Ýstanbul - Esenyurt - Güzelyurt Mahallesi
1145000,100,90,3,6,0,Ýstanbul - Esenyurt - Üçevler Mahallesi
1425000,100,84,3,5,7.5,Ýstanbul - Esenyurt - Güzelyurt Mahallesi
1585000,120,110,3,30,7.5,Ýstanbul - Esenyurt - Yeþilkent Mahallesi
1650000,80,72,3,26,7.5,Ýstanbul - Esenyurt - Akevler Mahallesi
1999000,130,120,4,4,7.5,Ýstanbul - Esenyurt - Battalgazi Mahallesi
1499000,100,90,3,4,0,Ýstanbul - Esenyurt - Balýkyolu Mahallesi
1600000,100,90,3,6,7.5,Ýstanbul - Esenyurt - Namýk Kemal Mahallesi
2200000,120,108,4,6,21,Ýstanbul - Esenyurt - Aþýk Veysel Mahallesi
3700000,200,185,6,4,0,Ýstanbul - Esenyurt - Saadetdere Mahallesi
1189000,100,95,3,6,4,Ýstanbul - Esenyurt - Güzelyurt Mahallesi
695000,95,85,3,6,7.5,Ýstanbul - Esenyurt - Güzelyurt Mahallesi
890000,75,70,2,28,7.5,Ýstanbul - Esenyurt - Yeþilkent Mahallesi
920000,130,90,3,6,0,Ýstanbul - Esenyurt - Hürriyet Mahallesi
1199000,110,100,3,5,4,Ýstanbul - Esenyurt - Pýnar Mahallesi
1090000,95,80,2,5,1,Ýstanbul - Esenyurt - Mehterçeþme Mahallesi
1375000,85,80,3,5,4,Ýstanbul - Esenyurt - Akevler Mahallesi
925000,95,80,3,5,0,Ýstanbul - Esenyurt - Ardýçlý Mahallesi
1075000,110,100,3,5,7.5,Ýstanbul - Esenyurt - Pýnar Mahallesi
2980000,145,135,4,9,7.5,Ýstanbul - Esenyurt - Mevlana Mahallesi
1150000,110,100,3,6,3,Ýstanbul - Esenyurt - Mehmet Akif Ersoy Mahallesi
1525000,115,105,3,4,1,Ýstanbul - Esenyurt - Güzelyurt Mahallesi
1699000,125,120,4,5,0,Ýstanbul - Esenyurt - Akevler Mahallesi
2599999,135,125,3,7,7.5,Ýstanbul - Esenyurt - Cumhuriyet Mahallesi
1379000,105,95,3,4,7.5,Ýstanbul - Esenyurt - Atatürk Mahallesi
1350000,125,115,3,4,0,Ýstanbul - Esenyurt - Üçevler Mahallesi
1639000,135,130,3,4,0,Ýstanbul - Esenyurt - Cumhuriyet Mahallesi
1255000,115,105,3,4,1,Ýstanbul - Esenyurt - Güzelyurt Mahallesi
1329000,105,90,3,4,7.5,Ýstanbul - Esenyurt - Atatürk Mahallesi
990000,115,105,3,4,0,Ýstanbul - Esenyurt - Güzelyurt Mahallesi
2200000,125,115,3,17,4,Ýstanbul - Esenyurt - Cumhuriyet Mahallesi
3225000,165,155,4,6,7.5,Ýstanbul - Esenyurt - Güzelyurt Mahallesi
2800000,150,145,3,3,3,Ýstanbul - Esenyurt - Güzelyurt Mahallesi
950000,120,100,3,6,0,Ýstanbul - Esenyurt - Örnek Mahallesi
1610000,100,90,3,4,4,Ýstanbul - Esenyurt - Turgut Özal Mahallesi
1430000,80,75,3,4,7.5,Ýstanbul - Esenyurt - Talatpaþa Mahallesi
1160000,120,100,3,7,0,Ýstanbul - Esenyurt - Cumhuriyet Mahallesi
2600000,95,85,3,15,7.5,Ýstanbul - Esenyurt - Yunus Emre Mahallesi
1150000,46,35,2,27,7.5,Ýstanbul - Esenyurt - Yeþilkent Mahallesi
3250000,150,130,4.5,14,18.5,Ýstanbul - Esenyurt - Barbaros Hayrettin Paþa Mahallesi
1875000,130,118,4,25,7.5,Ýstanbul - Esenyurt - Yeþilkent Mahallesi
1400000,80,70,2,16,7.5,Ýstanbul - Esenyurt - Cumhuriyet Mahallesi
3150000,92,65,2,35,1,Ýstanbul - Esenyurt - Barbaros Hayrettin Paþa Mahallesi
1025000,125,120,3,6,0,Ýstanbul - Esenyurt - Cumhuriyet Mahallesi
1990000,145,130,4,4,0,Ýstanbul - Esenyurt - Mehterçeþme Mahallesi
1600000,120,110,3,4,3,Ýstanbul - Esenyurt - Cumhuriyet Mahallesi
1590000,125,110,3,4,0,Ýstanbul - Esenyurt - Güzelyurt Mahallesi
999999,85,75,2,6,4,Ýstanbul - Esenyurt - Mehterçeþme Mahallesi
1880000,110,90,3,30,7.5,Ýstanbul - Esenyurt - Akevler Mahallesi
1250000,110,100,3,4,0,Ýstanbul - Esenyurt - Mehmet Akif Ersoy Mahallesi
